date,ticker,close,volume,macro_cpi,macro_rate
2023-01-02,ALPHA,102.03,163932,100.11,2.977
2023-01-03,ALPHA,101.47,120378,100.21,2.989
2023-01-04,ALPHA,101.51,491299,100.05,3.016
2023-01-05,ALPHA,102.0,432285,100.14,2.989
2023-01-06,ALPHA,101.05,145721,100.22,3.008
2023-01-09,ALPHA,101.05,118908,99.79,3.024
2023-01-10,ALPHA,101.05,289089,100.37,3.008
2023-01-11,ALPHA,98.95,384777,99.93,3.023
2023-01-12,ALPHA,100.17,411403,100.13,3.003
2023-01-13,ALPHA,100.89,303998,100.23,2.991
2023-01-16,ALPHA,100.14,438751,100.19,3.017
2023-01-17,ALPHA,99.93,257526,100.39,2.992
2023-01-18,ALPHA,100.54,101049,100.46,3.019
2023-01-19,ALPHA,100.23,253844,100.03,3.027
2023-01-20,ALPHA,99.93,166345,100.15,3.006
2023-01-23,ALPHA,98.19,347019,100.2,3.014
2023-01-24,ALPHA,98.86,189624,100.31,3.019
2023-01-25,ALPHA,99.0,387967,100.32,3.03
2023-01-26,ALPHA,99.33,472797,100.18,3.071
2023-01-27,ALPHA,97.5,257770,100.95,3.049
2023-01-30,ALPHA,99.48,388719,100.46,3.011
2023-01-31,ALPHA,99.67,163215,100.44,3.033
2023-02-01,ALPHA,99.2,359615,100.77,3.016
2023-02-02,ALPHA,101.64,277817,100.3,3.042
2023-02-03,ALPHA,101.58,497910,100.51,3.03
2023-02-06,ALPHA,99.84,496228,100.17,3.041
2023-02-07,ALPHA,99.36,283749,100.49,3.034
2023-02-08,ALPHA,96.61,212311,100.36,2.998
2023-02-09,ALPHA,97.87,314684,100.75,3.049
2023-02-10,ALPHA,97.37,493764,100.06,2.993
2023-02-13,ALPHA,96.48,272303,100.61,3.048
2023-02-14,ALPHA,97.77,257904,100.76,3.016
2023-02-15,ALPHA,95.78,496461,100.89,3.05
2023-02-16,ALPHA,96.43,204981,100.51,3.052
2023-02-17,ALPHA,93.95,314786,100.89,3.037
2023-02-20,ALPHA,93.16,209205,100.78,3.008
2023-02-21,ALPHA,91.71,471741,100.77,3.055
2023-02-22,ALPHA,93.46,479396,100.66,3.0
2023-02-23,ALPHA,95.58,204814,100.94,3.015
2023-02-24,ALPHA,95.19,356149,100.62,3.041
2023-02-27,ALPHA,96.2,427996,100.62,3.041
2023-02-28,ALPHA,95.98,405965,100.77,3.065
2023-03-01,ALPHA,96.66,435921,100.56,3.031
2023-03-02,ALPHA,95.76,353255,101.01,3.042
2023-03-03,ALPHA,93.71,297908,100.58,3.038
2023-03-06,ALPHA,91.55,161140,100.48,3.062
2023-03-07,ALPHA,92.01,198286,101.11,3.018
2023-03-08,ALPHA,94.7,410094,100.91,3.056
2023-03-09,ALPHA,95.03,341711,101.01,3.049
2023-03-10,ALPHA,94.4,198887,100.77,3.052
2023-03-13,ALPHA,96.69,264374,100.94,3.03
2023-03-14,ALPHA,96.98,301894,100.61,3.042
2023-03-15,ALPHA,97.1,346541,101.26,3.051
2023-03-16,ALPHA,97.4,160173,101.15,3.066
2023-03-17,ALPHA,97.24,327736,100.86,3.071
2023-03-20,ALPHA,96.87,377262,101.14,3.085
2023-03-21,ALPHA,95.15,169638,101.44,3.007
2023-03-22,ALPHA,95.75,324924,101.3,3.089
2023-03-23,ALPHA,95.64,378834,101.11,3.07
2023-03-24,ALPHA,97.07,331288,101.34,3.037
2023-03-27,ALPHA,96.63,116878,100.96,3.057
2023-03-28,ALPHA,94.34,312071,100.94,3.073
2023-03-29,ALPHA,94.22,229080,100.91,3.117
2023-03-30,ALPHA,96.26,387786,101.54,3.074
2023-03-31,ALPHA,95.8,126819,101.4,3.061
2023-04-03,ALPHA,94.73,214387,101.2,3.071
2023-04-04,ALPHA,93.3,129790,101.67,3.047
2023-04-05,ALPHA,92.04,182192,101.24,3.089
2023-04-06,ALPHA,91.68,249373,101.22,3.108
2023-04-07,ALPHA,90.26,283618,101.59,3.075
2023-04-10,ALPHA,92.06,134568,101.42,3.045
2023-04-11,ALPHA,91.72,404621,101.49,3.063
2023-04-12,ALPHA,91.85,362786,101.77,3.088
2023-04-13,ALPHA,93.58,302923,101.83,3.05
2023-04-14,ALPHA,95.38,135359,101.59,3.086
2023-04-17,ALPHA,95.12,433893,101.54,3.057
2023-04-18,ALPHA,95.52,359142,101.23,3.098
2023-04-19,ALPHA,96.4,425704,101.58,3.088
2023-04-20,ALPHA,96.17,438400,101.45,3.081
2023-04-21,ALPHA,94.04,152903,101.49,3.09
2023-04-24,ALPHA,94.83,266270,101.54,3.09
2023-04-25,ALPHA,95.9,405048,101.77,3.091
2023-04-26,ALPHA,96.4,106885,101.28,3.042
2023-04-27,ALPHA,95.29,498268,101.67,3.106
2023-04-28,ALPHA,95.05,151285,102.01,3.074
2023-05-01,ALPHA,94.34,497174,101.63,3.106
2023-05-02,ALPHA,93.99,213204,101.58,3.064
2023-05-03,ALPHA,95.54,407579,101.89,3.126
2023-05-04,ALPHA,97.38,355137,102.0,3.083
2023-05-05,ALPHA,98.18,407850,101.67,3.082
2023-05-08,ALPHA,98.84,398430,101.64,3.094
2023-05-09,ALPHA,99.65,203354,102.02,3.084
2023-05-10,ALPHA,99.64,266648,101.91,3.113
2023-05-11,ALPHA,99.55,181555,101.83,3.07
2023-05-12,ALPHA,98.74,446713,102.31,3.114
2023-05-15,ALPHA,98.67,484661,101.88,3.118
2023-05-16,ALPHA,101.38,222203,101.84,3.098
2023-05-17,ALPHA,102.42,421748,101.73,3.128
2023-05-18,ALPHA,102.01,341175,101.99,3.112
2023-05-19,ALPHA,101.45,292003,102.05,3.106
2023-05-22,ALPHA,100.41,385978,102.12,3.094
2023-05-23,ALPHA,100.86,255241,102.13,3.09
2023-05-24,ALPHA,101.33,346550,102.12,3.115
2023-05-25,ALPHA,99.6,326150,101.66,3.106
2023-05-26,ALPHA,100.18,490237,101.78,3.097
2023-05-29,ALPHA,99.5,320698,102.01,3.084
2023-05-30,ALPHA,101.21,476286,102.1,3.117
2023-05-31,ALPHA,101.4,188923,101.98,3.07
2023-06-01,ALPHA,103.46,399607,102.29,3.084
2023-06-02,ALPHA,102.91,306910,101.83,3.127
2023-06-05,ALPHA,102.56,252438,101.96,3.156
2023-06-06,ALPHA,102.92,168043,102.34,3.108
2023-06-07,ALPHA,104.19,258190,102.26,3.068
2023-06-08,ALPHA,104.87,139648,102.26,3.108
2023-06-09,ALPHA,103.39,351983,102.45,3.125
2023-06-12,ALPHA,103.61,276636,102.57,3.103
2023-06-13,ALPHA,103.64,215306,102.37,3.105
2023-06-14,ALPHA,103.12,275012,102.48,3.114
2023-06-15,ALPHA,102.34,405950,102.73,3.096
2023-06-16,ALPHA,104.44,301103,102.77,3.111
2023-06-19,ALPHA,103.97,400427,102.35,3.108
2023-06-20,ALPHA,102.96,142697,102.66,3.152
2023-06-21,ALPHA,103.72,183491,102.19,3.086
2023-06-22,ALPHA,103.88,469296,102.35,3.117
2023-06-23,ALPHA,103.79,315345,102.37,3.135
2023-06-26,ALPHA,104.72,195392,102.13,3.173
2023-06-27,ALPHA,105.31,150828,102.6,3.081
2023-06-28,ALPHA,105.75,347246,102.11,3.155
2023-06-29,ALPHA,106.9,336223,102.72,3.096
2023-06-30,ALPHA,107.24,159549,102.48,3.112
2023-07-03,ALPHA,106.5,233795,102.42,3.134
2023-07-04,ALPHA,106.07,340082,102.39,3.147
2023-07-05,ALPHA,105.44,173744,102.56,3.126
2023-07-06,ALPHA,105.69,233549,102.41,3.161
2023-07-07,ALPHA,104.4,328501,102.6,3.114
2023-07-10,ALPHA,102.2,136856,102.6,3.128
2023-07-11,ALPHA,102.31,101907,102.57,3.196
2023-07-12,ALPHA,100.7,199490,102.71,3.116
2023-07-13,ALPHA,98.36,185083,102.75,3.124
2023-07-14,ALPHA,98.81,105241,102.98,3.124
2023-07-17,ALPHA,97.96,214631,102.63,3.161
2023-07-18,ALPHA,98.55,113334,102.77,3.134
2023-07-19,ALPHA,97.91,468102,102.51,3.154
2023-07-20,ALPHA,96.57,385999,103.17,3.156
2023-07-21,ALPHA,95.08,342172,103.0,3.164
2023-07-24,ALPHA,94.46,358253,102.68,3.147
2023-07-25,ALPHA,94.13,423145,103.09,3.176
2023-07-26,ALPHA,93.14,274041,102.93,3.142
2023-07-27,ALPHA,92.8,480493,102.89,3.152
2023-07-28,ALPHA,90.96,445897,103.15,3.149
2023-07-31,ALPHA,90.98,429160,103.16,3.139
2023-08-01,ALPHA,88.83,111750,102.98,3.168
2023-08-02,ALPHA,88.59,359540,103.32,3.144
2023-08-03,ALPHA,89.43,195390,103.19,3.156
2023-08-04,ALPHA,90.74,294151,103.27,3.143
2023-08-07,ALPHA,92.8,495540,103.24,3.175
2023-08-08,ALPHA,90.93,297968,103.31,3.16
2023-08-09,ALPHA,91.84,110585,103.17,3.13
2023-08-10,ALPHA,93.29,380771,103.01,3.129
2023-08-11,ALPHA,94.47,356469,103.06,3.193
2023-08-14,ALPHA,93.35,218917,103.13,3.184
2023-08-15,ALPHA,93.84,179031,103.38,3.166
2023-08-16,ALPHA,96.08,354177,103.48,3.173
2023-08-17,ALPHA,94.28,385832,102.94,3.126
2023-08-18,ALPHA,94.85,362925,103.31,3.127
2023-08-21,ALPHA,96.19,410264,103.28,3.176
2023-08-22,ALPHA,95.35,289934,103.76,3.13
2023-08-23,ALPHA,96.05,352208,103.08,3.165
2023-08-24,ALPHA,94.76,294599,103.55,3.136
2023-08-25,ALPHA,93.79,271243,103.22,3.156
2023-08-28,ALPHA,92.81,244688,103.36,3.191
2023-08-29,ALPHA,93.04,433926,103.33,3.156
2023-08-30,ALPHA,92.93,478397,103.57,3.175
2023-08-31,ALPHA,94.08,377004,103.45,3.202
2023-09-01,ALPHA,92.95,184537,103.61,3.188
2023-09-04,ALPHA,92.79,350536,103.35,3.167
2023-09-05,ALPHA,93.94,482859,103.31,3.162
2023-09-06,ALPHA,94.62,217825,103.31,3.157
2023-09-07,ALPHA,93.03,198901,103.16,3.134
2023-09-08,ALPHA,93.83,327369,103.88,3.202
2023-09-11,ALPHA,93.25,258940,103.6,3.182
2023-09-12,ALPHA,93.71,224513,104.1,3.181
2023-09-13,ALPHA,94.07,409516,103.41,3.14
2023-09-14,ALPHA,95.54,190073,103.54,3.14
2023-09-15,ALPHA,95.68,111398,103.62,3.188
2023-09-18,ALPHA,93.45,248603,103.49,3.2
2023-09-19,ALPHA,91.81,359821,103.9,3.206
2023-09-20,ALPHA,92.69,116537,103.67,3.177
2023-09-21,ALPHA,92.38,377373,103.82,3.201
2023-09-22,ALPHA,93.74,480371,103.97,3.204
2023-09-25,ALPHA,94.07,398710,103.91,3.173
2023-09-26,ALPHA,93.17,329585,103.9,3.18
2023-09-27,ALPHA,94.47,241360,103.8,3.179
2023-09-28,ALPHA,93.5,357206,103.7,3.195
2023-09-29,ALPHA,91.04,456573,103.88,3.176
2023-10-02,ALPHA,93.51,322587,104.08,3.234
2023-10-03,ALPHA,91.22,436480,103.89,3.216
2023-10-04,ALPHA,91.99,207516,103.66,3.221
2023-10-05,ALPHA,93.11,257254,103.99,3.184
2023-10-06,ALPHA,93.29,310809,104.23,3.192
2023-10-09,ALPHA,91.27,351004,103.84,3.213
2023-10-10,ALPHA,92.49,317296,104.09,3.154
2023-10-11,ALPHA,90.76,180056,104.06,3.234
2023-10-12,ALPHA,89.14,211949,104.13,3.201
2023-10-13,ALPHA,88.71,164270,104.08,3.193
2023-10-16,ALPHA,89.66,224958,103.88,3.231
2023-10-17,ALPHA,90.02,399217,103.97,3.214
2023-10-18,ALPHA,90.99,193154,103.92,3.219
2023-10-19,ALPHA,90.46,290305,103.86,3.196
2023-10-20,ALPHA,90.25,467675,104.2,3.204
2023-10-23,ALPHA,88.89,409331,104.13,3.239
2023-10-24,ALPHA,88.51,401674,104.38,3.179
2023-10-25,ALPHA,89.22,477093,104.04,3.222
2023-10-26,ALPHA,88.86,257736,103.91,3.201
2023-10-27,ALPHA,89.43,191962,104.29,3.227
2023-10-30,ALPHA,88.74,185775,104.6,3.242
2023-10-31,ALPHA,88.03,204501,104.51,3.211
2023-11-01,ALPHA,88.08,223985,104.51,3.223
2023-11-02,ALPHA,87.84,268713,104.14,3.206
2023-11-03,ALPHA,88.55,409537,104.25,3.211
2023-11-06,ALPHA,88.77,328226,104.93,3.181
2023-11-07,ALPHA,90.86,293145,104.32,3.226
2023-11-08,ALPHA,90.59,405702,104.43,3.204
2023-11-09,ALPHA,90.32,435680,104.47,3.189
2023-11-10,ALPHA,89.07,428829,104.55,3.211
2023-11-13,ALPHA,89.1,127014,104.71,3.227
2023-11-14,ALPHA,89.92,394620,104.71,3.249
2023-11-15,ALPHA,89.03,351248,104.63,3.189
2023-11-16,ALPHA,88.97,437632,104.78,3.211
2023-11-17,ALPHA,89.83,221813,104.51,3.275
2023-11-20,ALPHA,89.68,140161,104.56,3.207
2023-11-21,ALPHA,89.06,399655,104.65,3.264
2023-11-22,ALPHA,90.23,429860,104.33,3.172
2023-11-23,ALPHA,90.34,113893,105.05,3.23
2023-11-24,ALPHA,90.82,496604,104.59,3.242
2023-11-27,ALPHA,92.22,354511,104.83,3.222
2023-11-28,ALPHA,93.6,326021,104.62,3.236
2023-11-29,ALPHA,93.18,490462,104.56,3.232
2023-11-30,ALPHA,92.55,332308,104.64,3.248
2023-12-01,ALPHA,92.89,234655,104.89,3.25
2023-12-04,ALPHA,92.73,403969,104.89,3.247
2023-12-05,ALPHA,90.45,422942,104.75,3.2
2023-12-06,ALPHA,91.98,416293,104.59,3.237
2023-12-07,ALPHA,92.01,297080,104.94,3.255
2023-12-08,ALPHA,92.89,185504,104.94,3.258
2023-12-11,ALPHA,91.48,368624,104.61,3.248
2023-12-12,ALPHA,93.03,260726,104.83,3.248
2023-12-13,ALPHA,92.32,212707,104.6,3.253
2023-12-14,ALPHA,92.19,281380,104.95,3.238
2023-12-15,ALPHA,90.51,263493,105.23,3.252
2023-12-18,ALPHA,90.31,134766,105.02,3.208
2023-12-19,ALPHA,90.03,162196,104.82,3.248
2023-12-20,ALPHA,89.81,254246,105.1,3.255
2023-12-21,ALPHA,90.34,209959,105.32,3.244
2023-12-22,ALPHA,90.41,323023,105.13,3.255
2023-12-25,ALPHA,91.58,100869,105.21,3.264
2023-12-26,ALPHA,91.02,462548,105.18,3.266
2023-12-27,ALPHA,89.83,180289,105.0,3.254
2023-12-28,ALPHA,89.8,208206,104.86,3.24
2023-12-29,ALPHA,90.56,364011,105.16,3.268
2024-01-01,ALPHA,92.05,164792,105.06,3.281
2024-01-02,ALPHA,93.03,212126,105.37,3.267
2024-01-03,ALPHA,90.91,254672,105.63,3.262
2024-01-04,ALPHA,91.36,439898,105.16,3.294
2024-01-05,ALPHA,93.11,214810,105.25,3.279
2024-01-08,ALPHA,93.19,288925,105.48,3.272
2024-01-09,ALPHA,92.57,228655,105.53,3.275
2024-01-10,ALPHA,92.94,146701,105.52,3.299
2024-01-11,ALPHA,92.34,207755,105.34,3.273
2024-01-12,ALPHA,93.1,276719,105.21,3.267
2024-01-15,ALPHA,93.09,279445,105.54,3.318
2024-01-16,ALPHA,94.76,256993,105.36,3.286
2024-01-17,ALPHA,95.36,479783,105.4,3.254
2024-01-18,ALPHA,94.49,302209,105.34,3.24
2024-01-19,ALPHA,95.22,322713,105.51,3.288
2024-01-22,ALPHA,96.34,126781,105.64,3.318
2024-01-23,ALPHA,95.66,145978,105.36,3.295
2024-01-24,ALPHA,95.15,163771,105.54,3.286
2024-01-25,ALPHA,92.38,495183,105.65,3.246
2024-01-26,ALPHA,93.46,463822,105.94,3.277
2024-01-29,ALPHA,92.76,384827,105.37,3.268
2024-01-30,ALPHA,90.21,463152,105.22,3.278
2024-01-31,ALPHA,88.09,309142,105.51,3.263
2024-02-01,ALPHA,87.82,159240,105.63,3.298
2024-02-02,ALPHA,88.73,182892,105.84,3.247
2024-02-05,ALPHA,88.63,300784,106.0,3.281
2024-02-06,ALPHA,89.19,176725,105.57,3.289
2024-02-07,ALPHA,87.87,428647,105.78,3.241
2024-02-08,ALPHA,86.26,102032,105.59,3.3
2024-02-09,ALPHA,87.32,202373,105.59,3.272
2024-02-12,ALPHA,87.91,479207,105.84,3.296
2024-02-13,ALPHA,87.88,184976,105.73,3.283
2024-02-14,ALPHA,89.42,377744,105.89,3.292
2024-02-15,ALPHA,88.28,270061,105.54,3.281
2024-02-16,ALPHA,87.77,485867,105.71,3.266
2024-02-19,ALPHA,89.0,235418,106.02,3.304
2024-02-20,ALPHA,91.21,394418,105.95,3.291
2024-02-21,ALPHA,91.22,133580,106.14,3.292
2024-02-22,ALPHA,93.23,176926,106.16,3.278
2024-02-23,ALPHA,92.51,225193,105.74,3.29
2024-02-26,ALPHA,92.91,396801,106.16,3.333
2024-02-27,ALPHA,92.7,105700,106.37,3.291
2024-02-28,ALPHA,90.79,416674,106.06,3.31
2024-02-29,ALPHA,91.1,286328,106.22,3.311
2024-03-01,ALPHA,92.22,112440,106.09,3.303
2024-03-04,ALPHA,92.04,242589,106.3,3.273
2024-03-05,ALPHA,91.96,419230,106.27,3.303
2024-03-06,ALPHA,93.63,214904,106.3,3.343
2024-03-07,ALPHA,92.13,379345,106.1,3.317
2024-03-08,ALPHA,90.33,231758,105.84,3.299
2024-03-11,ALPHA,89.55,295494,106.38,3.294
2024-03-12,ALPHA,88.11,280916,106.13,3.301
2024-03-13,ALPHA,89.73,452378,105.72,3.323
2024-03-14,ALPHA,90.1,164985,106.25,3.295
2024-03-15,ALPHA,89.06,468023,106.15,3.303
2024-03-18,ALPHA,88.32,202526,106.3,3.311
2024-03-19,ALPHA,91.76,209186,106.42,3.339
2024-03-20,ALPHA,91.03,133061,106.3,3.271
2024-03-21,ALPHA,90.11,273867,106.53,3.34
2024-03-22,ALPHA,90.48,157045,106.27,3.309
2024-03-25,ALPHA,91.24,462677,106.71,3.332
2024-03-26,ALPHA,91.51,289615,106.18,3.276
2024-03-27,ALPHA,90.42,199976,106.31,3.35
2024-03-28,ALPHA,89.03,432447,106.41,3.331
2024-03-29,ALPHA,89.74,166843,106.56,3.348
2024-04-01,ALPHA,89.68,369634,106.34,3.331
2024-04-02,ALPHA,87.71,309624,106.13,3.384
2024-04-03,ALPHA,89.11,175843,106.35,3.326
2024-04-04,ALPHA,90.04,298198,106.58,3.332
2024-04-05,ALPHA,89.75,198601,106.88,3.342
2024-04-08,ALPHA,89.44,268611,106.8,3.35
2024-04-09,ALPHA,89.72,120889,106.6,3.34
2024-04-10,ALPHA,88.9,275006,106.94,3.328
2024-04-11,ALPHA,87.28,299432,106.44,3.339
2024-04-12,ALPHA,87.66,111798,106.67,3.318
2024-04-15,ALPHA,85.94,349335,106.52,3.342
2024-04-16,ALPHA,86.41,170982,106.43,3.34
2024-04-17,ALPHA,84.68,462309,106.46,3.325
2024-04-18,ALPHA,84.56,441949,106.79,3.359
2024-04-19,ALPHA,84.4,441792,106.85,3.338
2024-04-22,ALPHA,86.53,496461,106.57,3.36
2024-04-23,ALPHA,85.26,463324,106.76,3.334
2024-04-24,ALPHA,83.56,449354,106.58,3.327
2024-04-25,ALPHA,82.78,160666,106.96,3.366
2024-04-26,ALPHA,81.44,290032,107.07,3.363
2024-04-29,ALPHA,80.73,110882,107.03,3.325
2024-04-30,ALPHA,81.23,313573,107.21,3.354
2024-05-01,ALPHA,82.16,386895,107.14,3.376
2024-05-02,ALPHA,84.15,303831,107.28,3.354
2024-05-03,ALPHA,83.27,344630,107.15,3.341
2024-05-06,ALPHA,86.43,303869,107.05,3.379
2024-05-07,ALPHA,88.81,203807,106.76,3.377
2024-05-08,ALPHA,88.57,334834,107.3,3.305
2024-05-09,ALPHA,85.82,161249,107.11,3.37
2024-05-10,ALPHA,85.72,456686,107.04,3.356
2024-05-13,ALPHA,85.8,288539,106.99,3.382
2024-05-14,ALPHA,83.05,147704,107.03,3.358
2024-05-15,ALPHA,83.13,219401,107.23,3.39
2024-05-16,ALPHA,82.89,373184,107.39,3.363
2024-05-17,ALPHA,81.95,164580,107.31,3.353
2024-05-20,ALPHA,82.7,267060,107.06,3.416
2024-05-21,ALPHA,83.91,180031,107.16,3.364
2024-05-22,ALPHA,83.33,240720,107.34,3.403
2024-05-23,ALPHA,83.6,454668,107.47,3.353
2024-05-24,ALPHA,82.82,389006,107.49,3.379
2024-05-27,ALPHA,81.87,498368,107.3,3.366
2024-05-28,ALPHA,81.97,178429,107.31,3.359
2024-05-29,ALPHA,82.6,321179,107.58,3.375
2024-05-30,ALPHA,81.92,475282,107.47,3.366
2024-05-31,ALPHA,79.26,364116,107.5,3.39
2024-06-03,ALPHA,79.97,347579,107.22,3.372
2024-06-04,ALPHA,78.05,281911,107.5,3.379
2024-06-05,ALPHA,78.2,414250,107.28,3.388
2024-06-06,ALPHA,80.33,133656,107.27,3.362
2024-06-07,ALPHA,80.31,250391,107.45,3.358
2024-06-10,ALPHA,78.88,383985,107.9,3.377
2024-06-11,ALPHA,77.13,295432,107.38,3.346
2024-06-12,ALPHA,78.53,440053,107.55,3.376
2024-06-13,ALPHA,78.51,200518,107.39,3.375
2024-06-14,ALPHA,79.16,410536,107.6,3.369
2024-06-17,ALPHA,80.27,318634,107.29,3.371
2024-06-18,ALPHA,80.21,273443,108.13,3.372
2024-06-19,ALPHA,79.84,145881,107.43,3.415
2024-06-20,ALPHA,78.71,398526,107.75,3.386
2024-06-21,ALPHA,75.01,394902,107.58,3.391
2024-06-24,ALPHA,73.19,383776,107.32,3.364
2024-06-25,ALPHA,73.1,498641,107.54,3.375
2024-06-26,ALPHA,72.89,473413,107.5,3.366
2024-06-27,ALPHA,73.38,421124,107.76,3.409
2024-06-28,ALPHA,73.23,430913,107.93,3.398
2024-07-01,ALPHA,73.42,268535,107.44,3.365
2024-07-02,ALPHA,74.36,474533,107.76,3.378
2024-07-03,ALPHA,73.3,163251,107.58,3.395
2024-07-04,ALPHA,72.96,444322,108.11,3.374
2024-07-05,ALPHA,71.03,403386,107.84,3.395
2024-07-08,ALPHA,72.19,257693,107.84,3.405
2024-07-09,ALPHA,72.24,337829,107.88,3.399
2024-07-10,ALPHA,72.83,415318,108.22,3.398
2024-07-11,ALPHA,74.68,315179,107.96,3.39
2024-07-12,ALPHA,75.97,448221,108.04,3.428
2024-07-15,ALPHA,75.9,154319,107.74,3.401
2024-07-16,ALPHA,76.85,479430,107.64,3.416
2024-07-17,ALPHA,75.13,303873,108.07,3.384
2024-07-18,ALPHA,75.65,340302,107.81,3.367
2024-07-19,ALPHA,75.82,105507,108.2,3.395
2024-07-22,ALPHA,73.87,420184,108.16,3.374
2024-07-23,ALPHA,75.48,411869,108.19,3.38
2024-07-24,ALPHA,74.63,176550,108.18,3.437
2024-07-25,ALPHA,75.45,201552,107.95,3.392
2024-07-26,ALPHA,74.95,369988,108.19,3.42
2024-07-29,ALPHA,76.14,177447,108.24,3.416
2024-07-30,ALPHA,77.72,260815,108.21,3.376
2024-07-31,ALPHA,76.72,484486,108.32,3.408
2024-08-01,ALPHA,74.89,340107,108.19,3.423
2024-08-02,ALPHA,74.73,276006,108.09,3.391
2024-08-05,ALPHA,75.75,142891,108.29,3.405
2024-08-06,ALPHA,75.3,325406,108.07,3.434
2024-08-07,ALPHA,74.56,168208,108.05,3.415
2024-08-08,ALPHA,75.15,480632,108.17,3.423
2024-08-09,ALPHA,71.84,279101,108.25,3.425
2024-08-12,ALPHA,71.04,499178,108.54,3.418
2024-08-13,ALPHA,69.38,152797,108.69,3.415
2024-08-14,ALPHA,69.73,482237,108.54,3.438
2024-08-15,ALPHA,68.85,256914,108.57,3.414
2024-08-16,ALPHA,67.51,126084,108.49,3.419
2024-08-19,ALPHA,67.09,265233,108.28,3.393
2024-08-20,ALPHA,65.32,227486,108.37,3.398
2024-08-21,ALPHA,65.31,473684,108.25,3.404
2024-08-22,ALPHA,64.49,491769,108.49,3.444
2024-08-23,ALPHA,64.04,227096,108.87,3.43
2024-08-26,ALPHA,63.18,465328,108.84,3.471
2024-08-27,ALPHA,64.27,167280,108.71,3.423
2024-08-28,ALPHA,64.14,306818,108.4,3.423
2024-08-29,ALPHA,64.77,117872,108.66,3.425
2024-08-30,ALPHA,65.34,281836,108.76,3.456
2024-09-02,ALPHA,64.38,225379,108.61,3.422
2024-09-03,ALPHA,65.06,200607,108.92,3.476
2024-09-04,ALPHA,65.48,248786,108.43,3.419
2024-09-05,ALPHA,65.86,198842,108.84,3.398
2024-09-06,ALPHA,65.38,110685,108.97,3.417
2024-09-09,ALPHA,64.87,466836,108.89,3.448
2024-09-10,ALPHA,65.81,464197,108.89,3.431
2024-09-11,ALPHA,68.43,236665,108.7,3.403
2024-09-12,ALPHA,67.43,340342,108.81,3.435
2024-09-13,ALPHA,68.07,171560,108.91,3.447
2024-09-16,ALPHA,67.63,364385,108.64,3.428
2024-09-17,ALPHA,68.57,479551,109.41,3.484
2024-09-18,ALPHA,69.1,257225,108.87,3.478
2024-09-19,ALPHA,70.37,450766,109.16,3.454
2024-09-20,ALPHA,67.02,234558,109.16,3.448
2024-09-23,ALPHA,66.3,323484,108.96,3.468
2024-09-24,ALPHA,65.11,312228,108.88,3.42
2024-09-25,ALPHA,64.98,315907,109.04,3.442
2024-09-26,ALPHA,64.11,450136,109.04,3.435
2024-09-27,ALPHA,63.34,396112,109.19,3.451
2024-09-30,ALPHA,64.16,323323,108.76,3.461
2024-10-01,ALPHA,66.45,406532,108.9,3.469
2024-10-02,ALPHA,63.06,440921,109.26,3.479
2024-10-03,ALPHA,62.68,431953,109.15,3.456
2024-10-04,ALPHA,63.06,245383,109.38,3.467
2024-10-07,ALPHA,63.06,183081,109.02,3.444
2024-10-08,ALPHA,62.65,238266,109.16,3.463
2024-10-09,ALPHA,61.03,424381,109.38,3.442
2024-10-10,ALPHA,59.89,226314,109.26,3.434
2024-10-11,ALPHA,60.76,190036,109.6,3.474
2024-10-14,ALPHA,62.06,272435,109.97,3.474
2024-10-15,ALPHA,62.17,284293,109.44,3.472
2024-10-16,ALPHA,61.17,274428,109.51,3.453
2024-10-17,ALPHA,61.28,162377,109.55,3.484
2024-10-18,ALPHA,60.99,109167,109.64,3.456
2024-10-21,ALPHA,61.65,311804,109.1,3.482
2024-10-22,ALPHA,61.79,436655,109.59,3.482
2024-10-23,ALPHA,61.05,457998,109.16,3.436
2024-10-24,ALPHA,61.27,390328,109.86,3.483
2024-10-25,ALPHA,59.86,243645,109.43,3.471
2024-10-28,ALPHA,60.84,341401,109.52,3.476
2024-10-29,ALPHA,62.26,485025,109.11,3.475
2024-10-30,ALPHA,60.85,467034,109.5,3.46
2024-10-31,ALPHA,61.35,397491,109.66,3.456
2024-11-01,ALPHA,60.16,112137,109.44,3.462
2024-11-04,ALPHA,61.45,290254,109.67,3.48
2024-11-05,ALPHA,62.53,460800,109.59,3.473
2024-11-06,ALPHA,62.26,492274,109.4,3.457
2024-11-07,ALPHA,63.45,264803,109.32,3.484
2024-11-08,ALPHA,62.93,296000,110.01,3.492
2024-11-11,ALPHA,62.16,348920,109.57,3.458
2024-11-12,ALPHA,61.48,228245,109.96,3.472
2024-11-13,ALPHA,61.31,402563,109.78,3.503
2024-11-14,ALPHA,60.92,189073,109.95,3.505
2024-11-15,ALPHA,61.11,349849,109.56,3.481
2024-11-18,ALPHA,60.37,295256,109.62,3.514
2024-11-19,ALPHA,61.29,256879,109.94,3.479
2024-11-20,ALPHA,62.51,170936,109.91,3.502
2024-11-21,ALPHA,61.92,132098,110.05,3.499
2024-11-22,ALPHA,60.21,115562,110.06,3.478
2024-11-25,ALPHA,61.07,371906,109.91,3.513
2024-11-26,ALPHA,62.44,152500,109.78,3.53
2024-11-27,ALPHA,62.24,381399,109.75,3.49
2024-11-28,ALPHA,60.7,298196,110.25,3.509
2024-11-29,ALPHA,61.02,219107,110.11,3.486
2024-12-02,ALPHA,62.85,252940,110.22,3.469
2024-12-03,ALPHA,60.6,358317,109.84,3.527
2024-12-04,ALPHA,61.17,167360,109.87,3.512
2024-12-05,ALPHA,60.8,374447,110.1,3.501
2024-12-06,ALPHA,59.77,266123,110.19,3.526
2024-12-09,ALPHA,60.37,278625,110.16,3.494
2024-12-10,ALPHA,58.81,357440,110.06,3.518
2024-12-11,ALPHA,59.16,247841,109.81,3.534
2024-12-12,ALPHA,60.74,425334,110.13,3.523
2024-12-13,ALPHA,60.95,104925,110.17,3.529
2024-12-16,ALPHA,59.9,146293,110.3,3.507
2024-12-17,ALPHA,57.77,157833,110.27,3.519
2024-12-18,ALPHA,56.23,391044,110.56,3.508
2024-12-19,ALPHA,54.02,278830,110.27,3.52
2024-12-20,ALPHA,55.94,331432,109.87,3.541
2024-12-23,ALPHA,55.64,296227,110.21,3.523
2024-12-24,ALPHA,54.38,339962,110.21,3.508
2024-12-25,ALPHA,52.83,279191,110.48,3.509
2024-12-26,ALPHA,51.55,259383,110.52,3.525
2024-12-27,ALPHA,51.14,114913,110.31,3.542
2024-12-30,ALPHA,49.6,314831,110.72,3.512
2024-12-31,ALPHA,51.62,276151,110.52,3.563
2023-01-02,BETA,51.48,121486,100.18,3.004
2023-01-03,BETA,52.53,438475,100.13,2.984
2023-01-04,BETA,51.08,286266,100.18,3.022
2023-01-05,BETA,51.99,122280,100.32,3.025
2023-01-06,BETA,51.03,383552,100.13,3.03
2023-01-09,BETA,52.1,352956,100.42,3.009
2023-01-10,BETA,53.9,499601,99.93,3.015
2023-01-11,BETA,55.33,423421,99.97,3.009
2023-01-12,BETA,56.38,108268,100.08,3.029
2023-01-13,BETA,55.84,424490,100.24,2.997
2023-01-16,BETA,55.57,164330,100.15,2.988
2023-01-17,BETA,53.79,298829,100.4,2.998
2023-01-18,BETA,53.82,433132,100.29,3.019
2023-01-19,BETA,53.05,110829,100.34,3.017
2023-01-20,BETA,54.08,282633,100.42,3.007
2023-01-23,BETA,53.71,211904,100.76,3.047
2023-01-24,BETA,54.2,324380,100.33,3.007
2023-01-25,BETA,55.53,230129,100.23,2.998
2023-01-26,BETA,54.44,261430,100.27,3.034
2023-01-27,BETA,55.46,144292,100.43,3.016
2023-01-30,BETA,55.74,203996,100.38,3.043
2023-01-31,BETA,57.64,430306,100.03,3.025
2023-02-01,BETA,58.66,467952,100.39,3.058
2023-02-02,BETA,60.27,440044,100.42,3.023
2023-02-03,BETA,61.47,353895,100.43,2.998
2023-02-06,BETA,62.4,198426,100.31,3.002
2023-02-07,BETA,63.05,124646,100.57,3.03
2023-02-08,BETA,62.16,326992,100.64,3.0
2023-02-09,BETA,62.79,454423,100.58,2.997
2023-02-10,BETA,63.15,331458,100.38,3.036
2023-02-13,BETA,63.81,211240,100.67,3.025
2023-02-14,BETA,61.54,473729,100.37,3.017
2023-02-15,BETA,60.77,370998,100.68,3.031
2023-02-16,BETA,59.89,158360,100.7,3.022
2023-02-17,BETA,59.06,480424,100.7,3.006
2023-02-20,BETA,57.41,165368,100.81,3.001
2023-02-21,BETA,57.47,411939,100.83,3.007
2023-02-22,BETA,57.21,287405,100.71,3.04
2023-02-23,BETA,56.57,372983,100.41,3.046
2023-02-24,BETA,56.2,166364,100.79,3.017
2023-02-27,BETA,54.01,498462,100.86,3.048
2023-02-28,BETA,54.56,446091,100.74,3.053
2023-03-01,BETA,56.76,395274,101.12,3.044
2023-03-02,BETA,58.4,112610,100.72,3.041
2023-03-03,BETA,59.53,438920,100.93,3.059
2023-03-06,BETA,58.22,399503,101.11,3.032
2023-03-07,BETA,57.84,297002,100.61,3.055
2023-03-08,BETA,59.26,499549,100.56,3.002
2023-03-09,BETA,57.92,382218,100.48,3.04
2023-03-10,BETA,58.34,371222,101.51,3.077
2023-03-13,BETA,57.4,414688,100.85,3.051
2023-03-14,BETA,58.54,421208,100.94,3.035
2023-03-15,BETA,57.78,280814,100.93,3.026
2023-03-16,BETA,58.71,198029,101.12,3.062
2023-03-17,BETA,57.37,200450,101.11,3.066
2023-03-20,BETA,56.73,144464,101.06,3.08
2023-03-21,BETA,55.42,160312,101.06,3.048
2023-03-22,BETA,53.18,309452,101.09,3.07
2023-03-23,BETA,53.94,403031,101.34,3.088
2023-03-24,BETA,53.44,256281,100.75,3.102
2023-03-27,BETA,54.57,291032,101.31,3.036
2023-03-28,BETA,55.26,136737,101.61,3.054
2023-03-29,BETA,53.85,235701,100.8,3.053
2023-03-30,BETA,54.04,172568,101.6,3.078
2023-03-31,BETA,55.35,245325,101.21,3.056
2023-04-03,BETA,56.39,331965,101.53,3.073
2023-04-04,BETA,58.1,158088,101.32,3.071
2023-04-05,BETA,59.11,262222,101.19,3.046
2023-04-06,BETA,58.14,213793,101.28,3.095
2023-04-07,BETA,57.39,480295,101.21,3.065
2023-04-10,BETA,60.49,128352,101.42,3.082
2023-04-11,BETA,62.6,315825,101.55,3.063
2023-04-12,BETA,63.23,246725,101.52,3.067
2023-04-13,BETA,63.85,418694,101.54,3.059
2023-04-14,BETA,62.75,441328,101.35,3.072
2023-04-17,BETA,64.09,354605,101.01,3.061
2023-04-18,BETA,63.19,260061,101.38,3.069
2023-04-19,BETA,62.52,438405,101.61,3.052
2023-04-20,BETA,62.91,252516,101.84,3.079
2023-04-21,BETA,63.34,147524,101.19,3.102
2023-04-24,BETA,62.61,201699,101.45,3.087
2023-04-25,BETA,64.13,357337,101.51,3.069
2023-04-26,BETA,65.38,397164,101.56,3.11
2023-04-27,BETA,65.84,323040,101.92,3.078
2023-04-28,BETA,65.59,166681,101.54,3.081
2023-05-01,BETA,65.51,115865,101.64,3.106
2023-05-02,BETA,67.32,176130,101.71,3.063
2023-05-03,BETA,66.27,212712,101.41,3.092
2023-05-04,BETA,65.48,109136,101.94,3.094
2023-05-05,BETA,65.37,292244,101.52,3.104
2023-05-08,BETA,66.44,324268,101.7,3.09
2023-05-09,BETA,66.79,195172,102.11,3.079
2023-05-10,BETA,65.3,431131,101.44,3.078
2023-05-11,BETA,66.11,475884,101.81,3.107
2023-05-12,BETA,65.53,495703,101.84,3.096
2023-05-15,BETA,66.48,389893,102.33,3.13
2023-05-16,BETA,66.15,244711,101.99,3.092
2023-05-17,BETA,65.58,154184,101.69,3.09
2023-05-18,BETA,66.31,479606,101.99,3.077
2023-05-19,BETA,66.62,257206,102.27,3.081
2023-05-22,BETA,66.13,311369,102.06,3.114
2023-05-23,BETA,64.5,496076,102.28,3.1
2023-05-24,BETA,63.16,114963,101.98,3.088
2023-05-25,BETA,63.15,441600,101.93,3.091
2023-05-26,BETA,62.17,152109,102.09,3.114
2023-05-29,BETA,63.1,157638,102.39,3.039
2023-05-30,BETA,63.9,129332,101.8,3.104
2023-05-31,BETA,63.21,250336,102.3,3.073
2023-06-01,BETA,63.11,320979,102.13,3.118
2023-06-02,BETA,63.86,174749,102.19,3.076
2023-06-05,BETA,66.95,256399,102.11,3.113
2023-06-06,BETA,66.0,118271,102.07,3.092
2023-06-07,BETA,65.09,340497,101.9,3.11
2023-06-08,BETA,67.35,476265,102.22,3.141
2023-06-09,BETA,66.89,220991,102.5,3.103
2023-06-12,BETA,66.7,132800,102.38,3.143
2023-06-13,BETA,68.32,410515,102.27,3.13
2023-06-14,BETA,68.14,392295,102.23,3.1
2023-06-15,BETA,69.01,196095,102.59,3.082
2023-06-16,BETA,69.28,158602,102.7,3.118
2023-06-19,BETA,69.68,125796,102.5,3.096
2023-06-20,BETA,70.48,166134,102.61,3.128
2023-06-21,BETA,72.52,380407,102.22,3.148
2023-06-22,BETA,73.96,255406,102.53,3.123
2023-06-23,BETA,74.19,302349,102.37,3.101
2023-06-26,BETA,73.81,212643,101.92,3.111
2023-06-27,BETA,73.21,236639,102.78,3.1
2023-06-28,BETA,74.08,361477,102.8,3.129
2023-06-29,BETA,73.71,400893,102.72,3.147
2023-06-30,BETA,73.47,324768,102.59,3.102
2023-07-03,BETA,73.46,301488,102.77,3.129
2023-07-04,BETA,74.96,348814,102.74,3.153
2023-07-05,BETA,74.46,225329,102.62,3.116
2023-07-06,BETA,75.37,240404,102.62,3.157
2023-07-07,BETA,77.6,319482,102.78,3.122
2023-07-10,BETA,77.86,395131,102.43,3.167
2023-07-11,BETA,80.53,418999,102.54,3.114
2023-07-12,BETA,80.13,230321,102.61,3.13
2023-07-13,BETA,80.71,433652,102.75,3.16
2023-07-14,BETA,80.02,446326,102.92,3.144
2023-07-17,BETA,78.12,329322,102.39,3.146
2023-07-18,BETA,78.79,444732,103.28,3.144
2023-07-19,BETA,78.24,198590,102.51,3.146
2023-07-20,BETA,79.62,278689,102.81,3.164
2023-07-21,BETA,80.56,442549,103.04,3.129
2023-07-24,BETA,79.82,238859,102.82,3.162
2023-07-25,BETA,77.59,132801,102.9,3.148
2023-07-26,BETA,77.21,182803,102.98,3.128
2023-07-27,BETA,76.9,376548,102.7,3.127
2023-07-28,BETA,77.89,430000,102.95,3.152
2023-07-31,BETA,79.97,388855,103.12,3.174
2023-08-01,BETA,82.08,146180,103.24,3.153
2023-08-02,BETA,81.71,206505,103.16,3.178
2023-08-03,BETA,83.74,465093,103.2,3.152
2023-08-04,BETA,84.39,379197,103.09,3.153
2023-08-07,BETA,83.17,176268,103.26,3.151
2023-08-08,BETA,81.64,479409,103.32,3.146
2023-08-09,BETA,82.74,337238,103.16,3.147
2023-08-10,BETA,80.79,104671,102.93,3.15
2023-08-11,BETA,80.68,137345,103.14,3.173
2023-08-14,BETA,83.77,291867,103.03,3.167
2023-08-15,BETA,81.69,329532,103.25,3.164
2023-08-16,BETA,80.36,200812,103.5,3.205
2023-08-17,BETA,81.39,147916,103.38,3.156
2023-08-18,BETA,81.53,459472,103.25,3.164
2023-08-21,BETA,80.08,424515,103.33,3.161
2023-08-22,BETA,79.83,214508,103.75,3.165
2023-08-23,BETA,81.72,338512,103.43,3.143
2023-08-24,BETA,82.42,337144,103.44,3.161
2023-08-25,BETA,82.56,468484,103.5,3.2
2023-08-28,BETA,82.68,339497,103.29,3.18
2023-08-29,BETA,82.84,216987,103.39,3.195
2023-08-30,BETA,82.22,163946,103.43,3.202
2023-08-31,BETA,84.1,447186,103.46,3.171
2023-09-01,BETA,87.09,124150,103.8,3.176
2023-09-04,BETA,87.42,285854,103.29,3.228
2023-09-05,BETA,87.67,329863,103.51,3.198
2023-09-06,BETA,86.2,488312,103.74,3.168
2023-09-07,BETA,84.91,343297,103.48,3.169
2023-09-08,BETA,86.26,125999,103.57,3.207
2023-09-11,BETA,88.58,390093,103.56,3.169
2023-09-12,BETA,89.05,444478,103.48,3.173
2023-09-13,BETA,89.14,352389,103.73,3.219
2023-09-14,BETA,88.07,497451,103.63,3.187
2023-09-15,BETA,90.8,302566,103.66,3.202
2023-09-18,BETA,92.85,302517,103.92,3.17
2023-09-19,BETA,91.43,299848,103.76,3.198
2023-09-20,BETA,89.96,271729,103.72,3.15
2023-09-21,BETA,90.67,277039,103.7,3.215
2023-09-22,BETA,87.35,271136,103.63,3.198
2023-09-25,BETA,87.48,386343,103.93,3.183
2023-09-26,BETA,87.81,242412,103.86,3.214
2023-09-27,BETA,87.13,265345,103.75,3.221
2023-09-28,BETA,86.71,409421,103.68,3.196
2023-09-29,BETA,85.6,247952,103.97,3.208
2023-10-02,BETA,85.79,284940,103.6,3.2
2023-10-03,BETA,86.22,191632,104.05,3.19
2023-10-04,BETA,86.1,303631,104.33,3.178
2023-10-05,BETA,88.12,131098,103.69,3.192
2023-10-06,BETA,88.47,416595,103.76,3.184
2023-10-09,BETA,88.11,278124,103.94,3.206
2023-10-10,BETA,88.62,474333,103.99,3.205
2023-10-11,BETA,87.15,160254,104.18,3.229
2023-10-12,BETA,87.73,378904,104.0,3.199
2023-10-13,BETA,86.58,458257,103.77,3.182
2023-10-16,BETA,85.86,301288,104.24,3.224
2023-10-17,BETA,86.99,103006,104.41,3.221
2023-10-18,BETA,83.56,487981,104.16,3.196
2023-10-19,BETA,84.07,455365,104.12,3.2
2023-10-20,BETA,81.36,194568,104.37,3.198
2023-10-23,BETA,80.85,189476,104.38,3.194
2023-10-24,BETA,81.73,283364,104.32,3.199
2023-10-25,BETA,80.7,169618,103.67,3.221
2023-10-26,BETA,79.55,166272,104.21,3.22
2023-10-27,BETA,80.53,475262,104.48,3.235
2023-10-30,BETA,80.3,254740,103.94,3.233
2023-10-31,BETA,78.85,244002,104.35,3.206
2023-11-01,BETA,79.28,246125,104.29,3.232
2023-11-02,BETA,80.32,189557,104.43,3.212
2023-11-03,BETA,80.99,219735,104.44,3.245
2023-11-06,BETA,81.6,117403,104.01,3.252
2023-11-07,BETA,81.86,241152,104.49,3.208
2023-11-08,BETA,84.42,286182,104.38,3.248
2023-11-09,BETA,83.53,418779,104.48,3.183
2023-11-10,BETA,83.3,217514,104.2,3.222
2023-11-13,BETA,83.65,331679,104.63,3.215
2023-11-14,BETA,82.9,428447,104.44,3.21
2023-11-15,BETA,82.34,442896,104.27,3.249
2023-11-16,BETA,81.33,191236,104.61,3.245
2023-11-17,BETA,80.08,467962,104.37,3.273
2023-11-20,BETA,80.89,439879,104.77,3.237
2023-11-21,BETA,81.87,221519,104.58,3.247
2023-11-22,BETA,82.0,111648,104.42,3.188
2023-11-23,BETA,80.75,374251,104.25,3.235
2023-11-24,BETA,79.48,368254,104.9,3.213
2023-11-27,BETA,80.04,483568,104.62,3.238
2023-11-28,BETA,79.77,226711,104.45,3.253
2023-11-29,BETA,79.43,283782,104.48,3.217
2023-11-30,BETA,77.03,485570,104.63,3.274
2023-12-01,BETA,77.78,164738,104.44,3.266
2023-12-04,BETA,77.34,200660,104.82,3.289
2023-12-05,BETA,77.37,106330,104.96,3.258
2023-12-06,BETA,76.18,203085,104.98,3.234
2023-12-07,BETA,75.69,391620,104.79,3.279
2023-12-08,BETA,74.79,239108,104.73,3.264
2023-12-11,BETA,73.59,333160,104.87,3.231
2023-12-12,BETA,71.3,454999,104.66,3.268
2023-12-13,BETA,72.74,193050,104.78,3.246
2023-12-14,BETA,72.41,203223,105.06,3.214
2023-12-15,BETA,72.11,346806,104.88,3.241
2023-12-18,BETA,72.9,379784,104.55,3.184
2023-12-19,BETA,72.79,383163,104.85,3.257
2023-12-20,BETA,73.16,239341,104.94,3.253
2023-12-21,BETA,74.94,417103,105.34,3.242
2023-12-22,BETA,76.31,188673,105.29,3.277
2023-12-25,BETA,75.5,259806,105.1,3.237
2023-12-26,BETA,75.41,108453,105.11,3.281
2023-12-27,BETA,74.29,227788,104.87,3.278
2023-12-28,BETA,72.98,393782,105.51,3.201
2023-12-29,BETA,72.64,239925,105.41,3.248
2024-01-01,BETA,71.81,126304,105.39,3.25
2024-01-02,BETA,70.41,187076,105.35,3.25
2024-01-03,BETA,68.77,342086,105.19,3.248
2024-01-04,BETA,71.35,302933,105.03,3.25
2024-01-05,BETA,72.72,313658,105.55,3.283
2024-01-08,BETA,71.95,294479,105.57,3.256
2024-01-09,BETA,70.08,325330,105.38,3.256
2024-01-10,BETA,69.74,363399,105.45,3.247
2024-01-11,BETA,69.72,395190,105.2,3.248
2024-01-12,BETA,67.71,497708,105.73,3.272
2024-01-15,BETA,67.87,245899,105.91,3.259
2024-01-16,BETA,68.58,443069,105.35,3.286
2024-01-17,BETA,68.8,213708,105.19,3.275
2024-01-18,BETA,68.21,289691,105.77,3.25
2024-01-19,BETA,69.13,220892,105.58,3.26
2024-01-22,BETA,69.76,478163,105.57,3.26
2024-01-23,BETA,68.44,429307,105.31,3.272
2024-01-24,BETA,68.13,447251,105.75,3.269
2024-01-25,BETA,68.44,161874,105.56,3.269
2024-01-26,BETA,68.1,499620,105.78,3.318
2024-01-29,BETA,67.41,358260,105.7,3.307
2024-01-30,BETA,65.93,306996,105.85,3.276
2024-01-31,BETA,64.93,229674,105.65,3.321
2024-02-01,BETA,64.93,409637,105.78,3.288
2024-02-02,BETA,66.04,329675,105.66,3.262
2024-02-05,BETA,66.76,366914,105.83,3.259
2024-02-06,BETA,67.55,298663,105.51,3.262
2024-02-07,BETA,68.01,355730,105.83,3.268
2024-02-08,BETA,67.67,456144,105.78,3.282
2024-02-09,BETA,66.24,311152,105.81,3.275
2024-02-12,BETA,67.76,263545,105.56,3.311
2024-02-13,BETA,67.63,177495,105.54,3.263
2024-02-14,BETA,67.87,207265,105.85,3.305
2024-02-15,BETA,68.72,426143,105.48,3.278
2024-02-16,BETA,68.83,385034,106.27,3.294
2024-02-19,BETA,67.68,307918,105.96,3.285
2024-02-20,BETA,68.31,177875,105.9,3.317
2024-02-21,BETA,67.84,216383,105.95,3.28
2024-02-22,BETA,67.52,327561,106.0,3.272
2024-02-23,BETA,66.2,392379,105.93,3.315
2024-02-26,BETA,65.53,139580,106.01,3.311
2024-02-27,BETA,65.6,145700,105.92,3.316
2024-02-28,BETA,65.69,491982,105.77,3.28
2024-02-29,BETA,67.42,384626,106.22,3.303
2024-03-01,BETA,68.51,159856,105.86,3.295
2024-03-04,BETA,68.38,318461,105.91,3.284
2024-03-05,BETA,69.5,395529,106.19,3.331
2024-03-06,BETA,68.59,299173,106.31,3.283
2024-03-07,BETA,68.16,414531,106.07,3.333
2024-03-08,BETA,66.97,264632,105.74,3.267
2024-03-11,BETA,66.7,447509,106.41,3.309
2024-03-12,BETA,64.2,154933,106.37,3.309
2024-03-13,BETA,63.59,175045,106.09,3.327
2024-03-14,BETA,62.85,331942,106.04,3.331
2024-03-15,BETA,63.29,218512,106.42,3.321
2024-03-18,BETA,61.44,415100,106.23,3.321
2024-03-19,BETA,62.78,205100,106.19,3.3
2024-03-20,BETA,62.7,253299,106.33,3.301
2024-03-21,BETA,61.47,268464,106.44,3.311
2024-03-22,BETA,62.69,274651,106.55,3.328
2024-03-25,BETA,63.28,404202,106.17,3.325
2024-03-26,BETA,64.17,359791,106.42,3.332
2024-03-27,BETA,64.21,235468,106.1,3.343
2024-03-28,BETA,64.38,185343,106.33,3.318
2024-03-29,BETA,65.95,471011,106.39,3.321
2024-04-01,BETA,67.74,461761,106.39,3.323
2024-04-02,BETA,66.09,183419,106.46,3.281
2024-04-03,BETA,65.51,127457,106.4,3.344
2024-04-04,BETA,65.59,329643,106.59,3.317
2024-04-05,BETA,63.53,333733,106.76,3.363
2024-04-08,BETA,64.37,476945,106.34,3.325
2024-04-09,BETA,62.36,212646,106.44,3.321
2024-04-10,BETA,62.71,193251,106.55,3.29
2024-04-11,BETA,65.82,395799,106.61,3.381
2024-04-12,BETA,66.37,344855,106.61,3.354
2024-04-15,BETA,67.73,229416,106.57,3.364
2024-04-16,BETA,67.87,291472,106.89,3.364
2024-04-17,BETA,68.61,187429,106.92,3.326
2024-04-18,BETA,69.06,377077,106.67,3.34
2024-04-19,BETA,72.35,266472,106.51,3.324
2024-04-22,BETA,71.54,219364,106.66,3.34
2024-04-23,BETA,71.71,330637,107.06,3.375
2024-04-24,BETA,70.71,227833,106.99,3.348
2024-04-25,BETA,70.43,255425,106.78,3.346
2024-04-26,BETA,72.43,208614,106.97,3.33
2024-04-29,BETA,71.03,395550,107.09,3.363
2024-04-30,BETA,69.82,256047,107.17,3.343
2024-05-01,BETA,71.55,136615,106.79,3.366
2024-05-02,BETA,71.42,190530,107.23,3.355
2024-05-03,BETA,71.42,210070,107.06,3.368
2024-05-06,BETA,73.88,231661,107.17,3.382
2024-05-07,BETA,71.98,464658,106.89,3.324
2024-05-08,BETA,71.56,134583,107.57,3.327
2024-05-09,BETA,71.92,121949,107.04,3.358
2024-05-10,BETA,71.5,323718,106.93,3.343
2024-05-13,BETA,70.45,389913,106.96,3.356
2024-05-14,BETA,70.85,415757,107.0,3.353
2024-05-15,BETA,71.75,380733,106.9,3.358
2024-05-16,BETA,69.48,273355,107.0,3.371
2024-05-17,BETA,68.51,116685,107.41,3.376
2024-05-20,BETA,67.76,362500,107.19,3.326
2024-05-21,BETA,67.98,109065,107.21,3.362
2024-05-22,BETA,69.69,495881,106.97,3.366
2024-05-23,BETA,69.75,348229,107.14,3.366
2024-05-24,BETA,71.14,189481,107.42,3.364
2024-05-27,BETA,70.06,203543,106.84,3.393
2024-05-28,BETA,71.26,252324,107.29,3.361
2024-05-29,BETA,70.69,198686,107.2,3.378
2024-05-30,BETA,67.99,323264,107.37,3.364
2024-05-31,BETA,69.16,216190,107.2,3.382
2024-06-03,BETA,69.64,437930,107.44,3.368
2024-06-04,BETA,69.44,392521,107.55,3.327
2024-06-05,BETA,69.74,120507,107.6,3.357
2024-06-06,BETA,70.79,338332,107.23,3.367
2024-06-07,BETA,71.04,181416,107.58,3.365
2024-06-10,BETA,72.18,232553,107.7,3.354
2024-06-11,BETA,71.46,142121,107.77,3.353
2024-06-12,BETA,73.0,116864,107.23,3.386
2024-06-13,BETA,73.77,273578,107.67,3.389
2024-06-14,BETA,76.32,441014,107.41,3.389
2024-06-17,BETA,77.84,252529,107.62,3.394
2024-06-18,BETA,76.77,111180,107.69,3.384
2024-06-19,BETA,77.11,222121,107.8,3.389
2024-06-20,BETA,76.57,166935,107.49,3.407
2024-06-21,BETA,77.28,474442,107.47,3.411
2024-06-24,BETA,77.75,320781,107.8,3.376
2024-06-25,BETA,78.58,131865,107.75,3.414
2024-06-26,BETA,77.08,479334,107.5,3.407
2024-06-27,BETA,77.12,390439,107.83,3.394
2024-06-28,BETA,74.69,307260,107.55,3.414
2024-07-01,BETA,73.85,206981,107.69,3.408
2024-07-02,BETA,74.73,228137,107.62,3.38
2024-07-03,BETA,74.71,137933,108.26,3.393
2024-07-04,BETA,75.56,182628,107.93,3.419
2024-07-05,BETA,76.45,141641,107.92,3.424
2024-07-08,BETA,77.01,350857,107.98,3.383
2024-07-09,BETA,74.38,135922,107.64,3.414
2024-07-10,BETA,75.01,167165,108.16,3.403
2024-07-11,BETA,73.92,193801,108.05,3.366
2024-07-12,BETA,75.15,404714,107.85,3.353
2024-07-15,BETA,74.31,492979,107.52,3.388
2024-07-16,BETA,73.93,168066,107.83,3.391
2024-07-17,BETA,72.96,128332,107.94,3.404
2024-07-18,BETA,73.75,129260,107.93,3.455
2024-07-19,BETA,75.44,397843,108.06,3.425
2024-07-22,BETA,75.0,118235,108.4,3.375
2024-07-23,BETA,76.18,141771,108.09,3.429
2024-07-24,BETA,75.23,196555,108.4,3.394
2024-07-25,BETA,73.71,265533,108.19,3.427
2024-07-26,BETA,75.21,100254,108.0,3.378
2024-07-29,BETA,75.19,118521,107.9,3.417
2024-07-30,BETA,77.13,363194,108.17,3.393
2024-07-31,BETA,79.26,314054,108.1,3.41
2024-08-01,BETA,77.85,173846,108.12,3.439
2024-08-02,BETA,79.94,253010,107.92,3.421
2024-08-05,BETA,79.1,353049,108.13,3.406
2024-08-06,BETA,78.69,204077,108.34,3.405
2024-08-07,BETA,78.28,110119,108.27,3.406
2024-08-08,BETA,77.95,449829,108.32,3.441
2024-08-09,BETA,76.71,107250,108.5,3.435
2024-08-12,BETA,76.42,166101,108.4,3.411
2024-08-13,BETA,75.09,425574,108.42,3.416
2024-08-14,BETA,75.23,143055,108.2,3.394
2024-08-15,BETA,74.12,149577,108.4,3.445
2024-08-16,BETA,76.09,321109,108.39,3.444
2024-08-19,BETA,77.74,154539,108.51,3.402
2024-08-20,BETA,78.44,355646,108.68,3.377
2024-08-21,BETA,77.28,409560,108.6,3.452
2024-08-22,BETA,77.14,461917,108.61,3.393
2024-08-23,BETA,76.42,307694,108.26,3.422
2024-08-26,BETA,77.8,259847,108.81,3.425
2024-08-27,BETA,80.14,280012,108.31,3.419
2024-08-28,BETA,79.54,287803,108.88,3.426
2024-08-29,BETA,79.03,421781,108.95,3.415
2024-08-30,BETA,78.89,408837,108.71,3.446
2024-09-02,BETA,78.91,319733,108.99,3.432
2024-09-03,BETA,79.46,283842,108.62,3.467
2024-09-04,BETA,79.21,429588,108.75,3.45
2024-09-05,BETA,81.2,162786,108.61,3.458
2024-09-06,BETA,82.13,332587,108.97,3.424
2024-09-09,BETA,83.48,266019,108.76,3.466
2024-09-10,BETA,82.98,197256,108.81,3.457
2024-09-11,BETA,84.07,434616,108.99,3.444
2024-09-12,BETA,86.9,286963,108.9,3.438
2024-09-13,BETA,87.89,376335,108.84,3.445
2024-09-16,BETA,89.81,425023,109.15,3.45
2024-09-17,BETA,89.28,322025,108.34,3.474
2024-09-18,BETA,88.71,162886,108.69,3.458
2024-09-19,BETA,88.41,144582,109.02,3.457
2024-09-20,BETA,89.39,390342,108.93,3.444
2024-09-23,BETA,89.82,377296,108.86,3.438
2024-09-24,BETA,88.73,136644,109.03,3.476
2024-09-25,BETA,89.08,212946,109.0,3.436
2024-09-26,BETA,89.68,140309,109.35,3.417
2024-09-27,BETA,90.27,452893,108.99,3.44
2024-09-30,BETA,92.61,128588,109.12,3.442
2024-10-01,BETA,92.55,210606,109.19,3.476
2024-10-02,BETA,95.25,459868,109.15,3.474
2024-10-03,BETA,95.26,212301,109.17,3.448
2024-10-04,BETA,95.35,340429,109.21,3.44
2024-10-07,BETA,96.12,225308,109.08,3.488
2024-10-08,BETA,96.17,222291,109.49,3.447
2024-10-09,BETA,94.54,177026,109.2,3.436
2024-10-10,BETA,96.18,409674,109.07,3.476
2024-10-11,BETA,94.46,122132,109.29,3.448
2024-10-14,BETA,92.6,306174,109.19,3.476
2024-10-15,BETA,93.98,152389,109.24,3.491
2024-10-16,BETA,95.06,383567,109.53,3.481
2024-10-17,BETA,94.29,116401,109.3,3.459
2024-10-18,BETA,93.03,276614,109.29,3.481
2024-10-21,BETA,94.35,477937,109.51,3.455
2024-10-22,BETA,96.55,251815,109.03,3.467
2024-10-23,BETA,96.55,346572,109.57,3.479
2024-10-24,BETA,96.19,156392,109.66,3.472
2024-10-25,BETA,96.1,411560,109.53,3.486
2024-10-28,BETA,97.01,129527,109.57,3.478
2024-10-29,BETA,97.38,494147,109.5,3.473
2024-10-30,BETA,98.22,208279,109.56,3.461
2024-10-31,BETA,98.88,109206,109.38,3.481
2024-11-01,BETA,99.44,378795,109.52,3.463
2024-11-04,BETA,98.28,173075,109.54,3.47
2024-11-05,BETA,100.7,243281,109.64,3.482
2024-11-06,BETA,101.43,360146,109.51,3.483
2024-11-07,BETA,101.89,291572,109.45,3.475
2024-11-08,BETA,99.99,300101,109.68,3.468
2024-11-11,BETA,100.11,428696,109.93,3.482
2024-11-12,BETA,99.0,377085,109.8,3.446
2024-11-13,BETA,100.59,124473,110.15,3.489
2024-11-14,BETA,100.85,138803,109.56,3.494
2024-11-15,BETA,101.71,324597,109.86,3.511
2024-11-18,BETA,102.05,461715,109.75,3.486
2024-11-19,BETA,101.79,244993,109.88,3.466
2024-11-20,BETA,104.55,308715,110.08,3.509
2024-11-21,BETA,102.34,130605,109.79,3.509
2024-11-22,BETA,101.42,448202,109.47,3.507
2024-11-25,BETA,101.55,413121,110.27,3.486
2024-11-26,BETA,101.38,323133,110.22,3.522
2024-11-27,BETA,101.68,235522,110.06,3.505
2024-11-28,BETA,101.28,143488,110.16,3.52
2024-11-29,BETA,100.41,237738,109.61,3.49
2024-12-02,BETA,101.95,369102,109.8,3.526
2024-12-03,BETA,99.52,145373,109.99,3.457
2024-12-04,BETA,99.53,226840,109.84,3.531
2024-12-05,BETA,98.07,100087,109.88,3.536
2024-12-06,BETA,96.76,355452,110.34,3.526
2024-12-09,BETA,96.61,320804,110.13,3.501
2024-12-10,BETA,95.06,245142,110.05,3.488
2024-12-11,BETA,96.47,463823,110.04,3.509
2024-12-12,BETA,96.7,136511,110.09,3.523
2024-12-13,BETA,98.01,147500,110.51,3.53
2024-12-16,BETA,95.78,292186,109.94,3.532
2024-12-17,BETA,94.88,293509,110.23,3.548
2024-12-18,BETA,95.82,354438,110.26,3.515
2024-12-19,BETA,96.09,112259,109.92,3.509
2024-12-20,BETA,95.74,492732,110.32,3.504
2024-12-23,BETA,96.23,455353,110.0,3.495
2024-12-24,BETA,94.5,306872,110.38,3.533
2024-12-25,BETA,95.05,200006,110.2,3.524
2024-12-26,BETA,95.42,483145,110.62,3.506
2024-12-27,BETA,95.2,371867,110.44,3.47
2024-12-30,BETA,95.3,119207,110.61,3.508
2024-12-31,BETA,94.3,309156,110.3,3.53
2023-01-02,GAMMA,200.5,256053,100.14,3.016
2023-01-03,GAMMA,201.37,182920,99.95,2.986
2023-01-04,GAMMA,203.66,309051,100.31,3.008
2023-01-05,GAMMA,203.37,189978,100.17,3.007
2023-01-06,GAMMA,203.96,285978,99.91,3.006
2023-01-09,GAMMA,205.69,304595,100.36,2.99
2023-01-10,GAMMA,205.32,260642,100.15,3.007
2023-01-11,GAMMA,205.67,162094,99.78,3.022
2023-01-12,GAMMA,204.67,144874,100.1,3.016
2023-01-13,GAMMA,201.17,237778,100.09,3.008
2023-01-16,GAMMA,203.83,186139,100.25,3.021
2023-01-17,GAMMA,204.42,382440,100.3,3.021
2023-01-18,GAMMA,205.35,112906,100.19,3.034
2023-01-19,GAMMA,204.88,100679,100.18,3.049
2023-01-20,GAMMA,204.43,472842,100.1,3.041
2023-01-23,GAMMA,202.32,279484,100.3,3.024
2023-01-24,GAMMA,203.15,200267,100.41,3.026
2023-01-25,GAMMA,202.59,367283,100.29,3.038
2023-01-26,GAMMA,203.97,497509,100.56,3.027
2023-01-27,GAMMA,203.01,473229,100.01,2.986
2023-01-30,GAMMA,202.22,381542,100.31,3.019
2023-01-31,GAMMA,203.94,227961,100.15,3.007
2023-02-01,GAMMA,203.88,105831,100.33,3.06
2023-02-02,GAMMA,206.24,216565,100.34,3.039
2023-02-03,GAMMA,206.14,282869,100.42,3.023
2023-02-06,GAMMA,205.06,490314,100.45,3.026
2023-02-07,GAMMA,204.97,356998,100.28,3.009
2023-02-08,GAMMA,205.6,433870,100.61,3.065
2023-02-09,GAMMA,206.73,374958,100.49,3.063
2023-02-10,GAMMA,205.54,136233,100.48,3.012
2023-02-13,GAMMA,204.08,410951,100.92,3.041
2023-02-14,GAMMA,203.85,425242,100.65,3.046
2023-02-15,GAMMA,203.67,130396,100.11,3.026
2023-02-16,GAMMA,204.99,219743,100.21,3.051
2023-02-17,GAMMA,205.12,226873,100.61,3.025
2023-02-20,GAMMA,206.72,359512,100.88,3.003
2023-02-21,GAMMA,207.23,391714,100.91,3.059
2023-02-22,GAMMA,208.96,259539,100.46,3.019
2023-02-23,GAMMA,212.1,199778,100.62,3.048
2023-02-24,GAMMA,210.58,237439,100.94,3.059
2023-02-27,GAMMA,210.07,269257,100.63,3.015
2023-02-28,GAMMA,210.72,266535,100.75,3.055
2023-03-01,GAMMA,212.05,468326,100.95,3.043
2023-03-02,GAMMA,210.87,366133,101.29,3.017
2023-03-03,GAMMA,210.93,459723,100.84,3.062
2023-03-06,GAMMA,209.66,446545,100.33,3.067
2023-03-07,GAMMA,208.78,298032,101.27,3.064
2023-03-08,GAMMA,206.7,422958,100.69,3.045
2023-03-09,GAMMA,204.98,463715,101.31,3.064
2023-03-10,GAMMA,205.06,345678,100.67,3.054
2023-03-13,GAMMA,206.81,416330,101.0,3.027
2023-03-14,GAMMA,204.72,162818,101.09,3.023
2023-03-15,GAMMA,204.02,495288,101.51,3.031
2023-03-16,GAMMA,203.22,170840,101.04,3.069
2023-03-17,GAMMA,202.29,406546,101.14,3.049
2023-03-20,GAMMA,204.59,318475,100.79,3.081
2023-03-21,GAMMA,205.48,446014,101.32,3.048
2023-03-22,GAMMA,204.32,471858,101.1,3.027
2023-03-23,GAMMA,207.04,427216,101.06,3.085
2023-03-24,GAMMA,209.01,453383,101.36,3.068
2023-03-27,GAMMA,208.42,225496,101.09,3.08
2023-03-28,GAMMA,207.83,407507,101.12,3.03
2023-03-29,GAMMA,208.29,211428,101.2,3.078
2023-03-30,GAMMA,209.74,154889,101.31,3.08
2023-03-31,GAMMA,210.09,448532,101.51,3.061
2023-04-03,GAMMA,210.45,132225,101.26,3.045
2023-04-04,GAMMA,208.19,146926,101.13,3.074
2023-04-05,GAMMA,212.67,318462,101.38,3.064
2023-04-06,GAMMA,213.39,199921,101.26,3.061
2023-04-07,GAMMA,214.67,249900,101.44,3.086
2023-04-10,GAMMA,213.81,105957,101.37,3.078
2023-04-11,GAMMA,212.73,448304,101.59,3.083
2023-04-12,GAMMA,212.82,290280,101.31,3.068
2023-04-13,GAMMA,212.95,136368,101.62,3.067
2023-04-14,GAMMA,211.11,472272,101.32,3.065
2023-04-17,GAMMA,210.87,174848,101.71,3.122
2023-04-18,GAMMA,211.06,321323,101.77,3.065
2023-04-19,GAMMA,208.76,310232,101.36,3.075
2023-04-20,GAMMA,207.69,484640,101.57,3.075
2023-04-21,GAMMA,207.37,129299,101.59,3.096
2023-04-24,GAMMA,208.08,104738,101.61,3.053
2023-04-25,GAMMA,209.27,119623,102.05,3.083
2023-04-26,GAMMA,208.48,429256,101.52,3.044
2023-04-27,GAMMA,205.61,225508,101.83,3.118
2023-04-28,GAMMA,205.45,481716,101.8,3.084
2023-05-01,GAMMA,208.03,149149,101.41,3.088
2023-05-02,GAMMA,207.81,423573,101.8,3.081
2023-05-03,GAMMA,207.51,131294,101.87,3.083
2023-05-04,GAMMA,206.67,136732,101.79,3.07
2023-05-05,GAMMA,205.86,353968,102.28,3.062
2023-05-08,GAMMA,204.97,203568,101.59,3.087
2023-05-09,GAMMA,206.22,419127,101.66,3.116
2023-05-10,GAMMA,204.87,208565,101.45,3.076
2023-05-11,GAMMA,205.71,264089,101.77,3.073
2023-05-12,GAMMA,206.07,436821,102.19,3.095
2023-05-15,GAMMA,204.9,300219,101.94,3.09
2023-05-16,GAMMA,204.06,151339,102.1,3.122
2023-05-17,GAMMA,204.57,102250,101.59,3.1
2023-05-18,GAMMA,205.58,243606,102.14,3.087
2023-05-19,GAMMA,208.47,259574,101.86,3.101
2023-05-22,GAMMA,210.13,462062,101.96,3.107
2023-05-23,GAMMA,209.39,316761,102.07,3.1
2023-05-24,GAMMA,210.69,192336,102.1,3.101
2023-05-25,GAMMA,210.81,483608,102.48,3.126
2023-05-26,GAMMA,209.94,271878,101.77,3.095
2023-05-29,GAMMA,207.82,215583,102.02,3.104
2023-05-30,GAMMA,206.54,457861,102.3,3.085
2023-05-31,GAMMA,208.37,102201,102.62,3.105
2023-06-01,GAMMA,209.6,252725,102.34,3.071
2023-06-02,GAMMA,208.29,170373,102.13,3.092
2023-06-05,GAMMA,209.5,122187,102.46,3.139
2023-06-06,GAMMA,209.88,460646,101.95,3.112
2023-06-07,GAMMA,208.88,370142,102.26,3.105
2023-06-08,GAMMA,206.86,451453,102.22,3.128
2023-06-09,GAMMA,205.02,174137,102.63,3.13
2023-06-12,GAMMA,203.81,298374,102.51,3.099
2023-06-13,GAMMA,204.77,223830,102.43,3.093
2023-06-14,GAMMA,202.17,453858,102.11,3.117
2023-06-15,GAMMA,203.55,324519,102.59,3.107
2023-06-16,GAMMA,203.4,479701,102.33,3.091
2023-06-19,GAMMA,202.52,405607,102.42,3.129
2023-06-20,GAMMA,204.11,423953,102.32,3.117
2023-06-21,GAMMA,202.25,372811,102.04,3.108
2023-06-22,GAMMA,203.21,326451,102.41,3.12
2023-06-23,GAMMA,203.46,118388,102.88,3.108
2023-06-26,GAMMA,203.38,462107,102.68,3.129
2023-06-27,GAMMA,201.99,284299,102.6,3.125
2023-06-28,GAMMA,201.15,305508,102.72,3.13
2023-06-29,GAMMA,201.15,266302,102.58,3.152
2023-06-30,GAMMA,201.08,116980,102.53,3.123
2023-07-03,GAMMA,200.03,453325,102.22,3.122
2023-07-04,GAMMA,198.11,359480,102.65,3.115
2023-07-05,GAMMA,198.91,149839,102.72,3.135
2023-07-06,GAMMA,199.09,467068,102.72,3.105
2023-07-07,GAMMA,198.38,446683,102.35,3.132
2023-07-10,GAMMA,199.75,310423,102.53,3.131
2023-07-11,GAMMA,200.57,436456,102.84,3.139
2023-07-12,GAMMA,201.0,480996,102.51,3.123
2023-07-13,GAMMA,200.92,450023,102.51,3.142
2023-07-14,GAMMA,200.18,217404,102.6,3.157
2023-07-17,GAMMA,198.43,451707,102.63,3.149
2023-07-18,GAMMA,199.67,292010,102.43,3.108
2023-07-19,GAMMA,199.19,341824,102.71,3.141
2023-07-20,GAMMA,199.81,158738,102.67,3.143
2023-07-21,GAMMA,198.53,262971,103.17,3.135
2023-07-24,GAMMA,197.27,446178,102.78,3.145
2023-07-25,GAMMA,197.57,403199,103.19,3.134
2023-07-26,GAMMA,198.88,434997,102.85,3.138
2023-07-27,GAMMA,199.4,121929,102.95,3.139
2023-07-28,GAMMA,198.52,291466,102.94,3.158
2023-07-31,GAMMA,197.32,238413,103.0,3.134
2023-08-01,GAMMA,196.92,165618,102.72,3.125
2023-08-02,GAMMA,195.22,173005,102.75,3.121
2023-08-03,GAMMA,197.49,346800,102.91,3.132
2023-08-04,GAMMA,198.13,157751,103.36,3.141
2023-08-07,GAMMA,197.79,479644,103.43,3.145
2023-08-08,GAMMA,197.85,389675,103.03,3.141
2023-08-09,GAMMA,199.61,369597,103.18,3.164
2023-08-10,GAMMA,201.11,122318,103.27,3.136
2023-08-11,GAMMA,200.47,347052,103.04,3.199
2023-08-14,GAMMA,198.96,473334,102.88,3.144
2023-08-15,GAMMA,197.42,118384,103.32,3.167
2023-08-16,GAMMA,198.6,113741,102.87,3.156
2023-08-17,GAMMA,197.25,161338,102.92,3.167
2023-08-18,GAMMA,198.42,447645,103.4,3.18
2023-08-21,GAMMA,197.62,472878,103.21,3.177
2023-08-22,GAMMA,199.09,260138,103.44,3.135
2023-08-23,GAMMA,197.76,234201,103.46,3.176
2023-08-24,GAMMA,198.11,497219,103.29,3.116
2023-08-25,GAMMA,197.03,435281,103.45,3.199
2023-08-28,GAMMA,197.31,379713,103.34,3.198
2023-08-29,GAMMA,195.73,126325,103.62,3.164
2023-08-30,GAMMA,196.25,471541,103.29,3.185
2023-08-31,GAMMA,196.9,115996,103.35,3.169
2023-09-01,GAMMA,198.18,436873,103.54,3.205
2023-09-04,GAMMA,198.47,408884,103.15,3.19
2023-09-05,GAMMA,198.48,211150,103.79,3.162
2023-09-06,GAMMA,198.74,245864,103.32,3.175
2023-09-07,GAMMA,198.71,199312,103.56,3.173
2023-09-08,GAMMA,200.2,228524,103.54,3.127
2023-09-11,GAMMA,200.73,277402,103.35,3.189
2023-09-12,GAMMA,200.86,453633,103.55,3.16
2023-09-13,GAMMA,200.99,401068,103.54,3.171
2023-09-14,GAMMA,201.24,115143,103.8,3.22
2023-09-15,GAMMA,203.58,115803,103.69,3.193
2023-09-18,GAMMA,204.2,288185,103.24,3.208
2023-09-19,GAMMA,203.3,296959,103.82,3.167
2023-09-20,GAMMA,202.5,103811,103.5,3.166
2023-09-21,GAMMA,201.32,441075,103.69,3.171
2023-09-22,GAMMA,198.83,136272,103.67,3.192
2023-09-25,GAMMA,198.56,327459,103.64,3.159
2023-09-26,GAMMA,198.65,404758,103.81,3.182
2023-09-27,GAMMA,198.06,334497,104.06,3.191
2023-09-28,GAMMA,198.2,481845,104.2,3.183
2023-09-29,GAMMA,200.86,140282,103.88,3.186
2023-10-02,GAMMA,202.12,498401,103.68,3.209
2023-10-03,GAMMA,203.13,263033,104.04,3.217
2023-10-04,GAMMA,202.21,126741,103.67,3.184
2023-10-05,GAMMA,202.28,239350,103.93,3.191
2023-10-06,GAMMA,204.18,217646,104.21,3.225
2023-10-09,GAMMA,203.2,205318,103.97,3.222
2023-10-10,GAMMA,203.27,251954,103.91,3.223
2023-10-11,GAMMA,204.92,363576,104.32,3.164
2023-10-12,GAMMA,206.85,153400,103.78,3.178
2023-10-13,GAMMA,209.23,401728,103.82,3.196
2023-10-16,GAMMA,209.84,400116,104.06,3.184
2023-10-17,GAMMA,210.1,456846,104.26,3.156
2023-10-18,GAMMA,209.11,477025,104.21,3.169
2023-10-19,GAMMA,210.47,410589,104.39,3.199
2023-10-20,GAMMA,210.21,101887,103.97,3.188
2023-10-23,GAMMA,208.94,270139,104.45,3.186
2023-10-24,GAMMA,210.43,119755,104.25,3.196
2023-10-25,GAMMA,208.44,224616,104.2,3.186
2023-10-26,GAMMA,206.59,234125,104.45,3.199
2023-10-27,GAMMA,205.12,178001,103.96,3.214
2023-10-30,GAMMA,204.36,253033,104.88,3.247
2023-10-31,GAMMA,202.48,295985,103.94,3.218
2023-11-01,GAMMA,202.68,136252,104.48,3.22
2023-11-02,GAMMA,202.84,171089,104.62,3.213
2023-11-03,GAMMA,203.32,217704,104.22,3.219
2023-11-06,GAMMA,201.74,341048,104.48,3.22
2023-11-07,GAMMA,200.2,383015,104.59,3.222
2023-11-08,GAMMA,199.94,439340,104.65,3.201
2023-11-09,GAMMA,199.86,213471,104.69,3.22
2023-11-10,GAMMA,201.28,125319,104.28,3.267
2023-11-13,GAMMA,201.85,412185,104.52,3.212
2023-11-14,GAMMA,199.52,268044,104.25,3.222
2023-11-15,GAMMA,197.98,306241,104.03,3.205
2023-11-16,GAMMA,197.12,232686,104.72,3.209
2023-11-17,GAMMA,196.63,130480,104.63,3.206
2023-11-20,GAMMA,195.27,161647,104.45,3.27
2023-11-21,GAMMA,196.82,484936,104.55,3.219
2023-11-22,GAMMA,195.78,379092,105.02,3.247
2023-11-23,GAMMA,195.39,146147,104.75,3.244
2023-11-24,GAMMA,195.97,120118,104.43,3.264
2023-11-27,GAMMA,195.53,173049,104.76,3.24
2023-11-28,GAMMA,195.22,199155,104.88,3.242
2023-11-29,GAMMA,195.52,263938,104.74,3.262
2023-11-30,GAMMA,196.89,196264,104.44,3.259
2023-12-01,GAMMA,196.55,402755,104.75,3.252
2023-12-04,GAMMA,196.06,354392,104.59,3.25
2023-12-05,GAMMA,194.79,403061,104.74,3.197
2023-12-06,GAMMA,195.3,313023,105.03,3.226
2023-12-07,GAMMA,195.63,150546,104.71,3.194
2023-12-08,GAMMA,196.97,455173,104.63,3.227
2023-12-11,GAMMA,196.41,201378,104.91,3.259
2023-12-12,GAMMA,197.82,221697,105.05,3.236
2023-12-13,GAMMA,199.07,373418,105.11,3.243
2023-12-14,GAMMA,198.92,418590,104.82,3.265
2023-12-15,GAMMA,198.27,139580,104.9,3.252
2023-12-18,GAMMA,198.1,366457,105.01,3.279
2023-12-19,GAMMA,196.47,447322,104.74,3.248
2023-12-20,GAMMA,198.38,392396,104.87,3.263
2023-12-21,GAMMA,197.55,164523,105.05,3.251
2023-12-22,GAMMA,197.88,478451,105.11,3.269
2023-12-25,GAMMA,198.39,215336,105.1,3.293
2023-12-26,GAMMA,199.29,142399,105.06,3.308
2023-12-27,GAMMA,200.05,307539,104.77,3.261
2023-12-28,GAMMA,200.44,149192,104.92,3.233
2023-12-29,GAMMA,200.39,454005,105.27,3.249
2024-01-01,GAMMA,198.96,383822,105.48,3.251
2024-01-02,GAMMA,197.7,370962,105.47,3.252
2024-01-03,GAMMA,196.24,305781,105.06,3.256
2024-01-04,GAMMA,194.68,207165,105.26,3.266
2024-01-05,GAMMA,194.98,495486,105.37,3.242
2024-01-08,GAMMA,195.47,166585,105.24,3.265
2024-01-09,GAMMA,195.72,262001,105.38,3.282
2024-01-10,GAMMA,196.31,398207,105.04,3.254
2024-01-11,GAMMA,195.84,129452,105.52,3.274
2024-01-12,GAMMA,194.8,387750,105.41,3.273
2024-01-15,GAMMA,196.2,375496,105.35,3.291
2024-01-16,GAMMA,195.11,254961,105.5,3.284
2024-01-17,GAMMA,195.42,289157,105.02,3.246
2024-01-18,GAMMA,197.18,320654,105.47,3.267
2024-01-19,GAMMA,196.04,349421,105.36,3.285
2024-01-22,GAMMA,194.39,426675,105.16,3.289
2024-01-23,GAMMA,193.41,449196,105.62,3.27
2024-01-24,GAMMA,193.33,443135,105.35,3.284
2024-01-25,GAMMA,192.47,168386,105.76,3.286
2024-01-26,GAMMA,190.36,265204,105.32,3.259
2024-01-29,GAMMA,189.04,431977,105.53,3.295
2024-01-30,GAMMA,187.16,226053,105.69,3.268
2024-01-31,GAMMA,187.02,164948,105.64,3.3
2024-02-01,GAMMA,184.58,363690,105.74,3.247
2024-02-02,GAMMA,183.62,178669,105.85,3.288
2024-02-05,GAMMA,185.31,321315,105.72,3.301
2024-02-06,GAMMA,184.18,160486,105.71,3.276
2024-02-07,GAMMA,184.04,379310,105.62,3.296
2024-02-08,GAMMA,184.25,421880,105.73,3.304
2024-02-09,GAMMA,183.56,429759,105.74,3.263
2024-02-12,GAMMA,184.1,382317,106.07,3.33
2024-02-13,GAMMA,185.61,426672,105.83,3.305
2024-02-14,GAMMA,185.85,351211,105.88,3.292
2024-02-15,GAMMA,183.75,122295,105.6,3.345
2024-02-16,GAMMA,182.69,389911,105.82,3.294
2024-02-19,GAMMA,182.3,182136,106.36,3.293
2024-02-20,GAMMA,181.13,389468,106.21,3.311
2024-02-21,GAMMA,180.81,411107,105.88,3.3
2024-02-22,GAMMA,181.88,422749,105.86,3.24
2024-02-23,GAMMA,181.54,274026,106.31,3.338
2024-02-26,GAMMA,182.14,456090,106.17,3.284
2024-02-27,GAMMA,183.58,175620,105.83,3.306
2024-02-28,GAMMA,183.8,257639,106.24,3.292
2024-02-29,GAMMA,183.03,265994,106.0,3.297
2024-03-01,GAMMA,184.61,387880,105.85,3.277
2024-03-04,GAMMA,184.75,132690,106.12,3.304
2024-03-05,GAMMA,186.09,452339,106.04,3.294
2024-03-06,GAMMA,186.34,295657,106.54,3.26
2024-03-07,GAMMA,188.8,177186,106.1,3.279
2024-03-08,GAMMA,185.64,430992,106.11,3.301
2024-03-11,GAMMA,184.15,302853,105.95,3.33
2024-03-12,GAMMA,183.25,390559,106.47,3.294
2024-03-13,GAMMA,184.63,472002,106.41,3.327
2024-03-14,GAMMA,186.62,498701,106.28,3.275
2024-03-15,GAMMA,183.68,107828,106.3,3.358
2024-03-18,GAMMA,183.57,138002,106.38,3.317
2024-03-19,GAMMA,184.55,107188,106.76,3.291
2024-03-20,GAMMA,184.0,209919,106.2,3.326
2024-03-21,GAMMA,182.95,412428,106.44,3.324
2024-03-22,GAMMA,182.11,147628,106.74,3.3
2024-03-25,GAMMA,181.18,374514,106.22,3.375
2024-03-26,GAMMA,180.36,309626,106.44,3.355
2024-03-27,GAMMA,179.61,246944,106.24,3.301
2024-03-28,GAMMA,180.12,465992,106.44,3.325
2024-03-29,GAMMA,181.78,156256,106.4,3.347
2024-04-01,GAMMA,181.05,350417,106.72,3.339
2024-04-02,GAMMA,179.38,112094,106.62,3.366
2024-04-03,GAMMA,178.97,189087,106.43,3.381
2024-04-04,GAMMA,180.42,168228,106.62,3.347
2024-04-05,GAMMA,179.36,232412,106.44,3.318
2024-04-08,GAMMA,177.38,331164,106.68,3.33
2024-04-09,GAMMA,176.86,483886,106.86,3.325
2024-04-10,GAMMA,174.73,264851,106.7,3.35
2024-04-11,GAMMA,175.9,204838,106.75,3.368
2024-04-12,GAMMA,176.77,254444,106.86,3.328
2024-04-15,GAMMA,177.79,247387,106.76,3.303
2024-04-16,GAMMA,176.25,468020,106.82,3.359
2024-04-17,GAMMA,176.14,343605,106.57,3.334
2024-04-18,GAMMA,175.86,440127,106.43,3.318
2024-04-19,GAMMA,177.15,176510,106.9,3.348
2024-04-22,GAMMA,176.18,363421,106.92,3.364
2024-04-23,GAMMA,176.81,303882,107.05,3.348
2024-04-24,GAMMA,177.58,148488,106.64,3.332
2024-04-25,GAMMA,178.46,375167,107.07,3.403
2024-04-26,GAMMA,178.13,251169,106.61,3.341
2024-04-29,GAMMA,179.21,160843,106.95,3.334
2024-04-30,GAMMA,178.34,451699,106.78,3.344
2024-05-01,GAMMA,177.54,147755,107.22,3.342
2024-05-02,GAMMA,177.27,223485,106.65,3.336
2024-05-03,GAMMA,177.02,298622,107.17,3.357
2024-05-06,GAMMA,177.05,321364,106.53,3.346
2024-05-07,GAMMA,177.23,164966,106.96,3.36
2024-05-08,GAMMA,177.66,162541,106.94,3.347
2024-05-09,GAMMA,176.68,185218,106.63,3.373
2024-05-10,GAMMA,178.23,138630,107.15,3.327
2024-05-13,GAMMA,178.54,115707,107.26,3.357
2024-05-14,GAMMA,179.98,426774,107.52,3.356
2024-05-15,GAMMA,177.59,156309,107.36,3.36
2024-05-16,GAMMA,177.61,419691,107.4,3.358
2024-05-17,GAMMA,175.79,105402,106.99,3.358
2024-05-20,GAMMA,177.65,336278,107.05,3.363
2024-05-21,GAMMA,176.81,188952,107.28,3.358
2024-05-22,GAMMA,176.36,211293,107.25,3.344
2024-05-23,GAMMA,178.07,226748,107.36,3.341
2024-05-24,GAMMA,174.46,294947,107.35,3.376
2024-05-27,GAMMA,176.8,236451,107.11,3.348
2024-05-28,GAMMA,177.31,158128,107.33,3.343
2024-05-29,GAMMA,177.01,427012,107.34,3.371
2024-05-30,GAMMA,178.29,436520,107.08,3.353
2024-05-31,GAMMA,179.26,149329,107.5,3.38
2024-06-03,GAMMA,178.69,402853,107.76,3.375
2024-06-04,GAMMA,180.18,206469,107.17,3.342
2024-06-05,GAMMA,180.07,113215,107.44,3.421
2024-06-06,GAMMA,179.31,238175,107.34,3.373
2024-06-07,GAMMA,180.17,116854,107.78,3.382
2024-06-10,GAMMA,181.53,144947,107.48,3.376
2024-06-11,GAMMA,180.2,495449,107.26,3.363
2024-06-12,GAMMA,179.59,180264,107.81,3.443
2024-06-13,GAMMA,178.49,368559,107.46,3.384
2024-06-14,GAMMA,177.55,459432,107.43,3.346
2024-06-17,GAMMA,179.31,488166,107.74,3.402
2024-06-18,GAMMA,178.74,379784,107.63,3.391
2024-06-19,GAMMA,178.3,175660,107.7,3.362
2024-06-20,GAMMA,178.54,450209,107.33,3.385
2024-06-21,GAMMA,177.1,317058,107.63,3.357
2024-06-24,GAMMA,178.14,307844,107.55,3.403
2024-06-25,GAMMA,179.56,385445,107.76,3.388
2024-06-26,GAMMA,180.12,136845,108.15,3.408
2024-06-27,GAMMA,179.64,202780,107.7,3.401
2024-06-28,GAMMA,178.05,423881,107.84,3.366
2024-07-01,GAMMA,176.97,372636,107.61,3.384
2024-07-02,GAMMA,177.32,387774,107.95,3.397
2024-07-03,GAMMA,176.27,298101,107.64,3.391
2024-07-04,GAMMA,177.88,305081,107.83,3.409
2024-07-05,GAMMA,177.41,294941,107.88,3.375
2024-07-08,GAMMA,181.61,496694,107.85,3.404
2024-07-09,GAMMA,181.8,264372,107.97,3.377
2024-07-10,GAMMA,181.41,426800,108.05,3.393
2024-07-11,GAMMA,179.45,102760,107.98,3.43
2024-07-12,GAMMA,180.61,466541,108.0,3.342
2024-07-15,GAMMA,181.73,208993,108.03,3.386
2024-07-16,GAMMA,180.67,416471,108.11,3.437
2024-07-17,GAMMA,179.14,334494,108.12,3.382
2024-07-18,GAMMA,178.19,299102,107.84,3.431
2024-07-19,GAMMA,177.71,386393,108.01,3.394
2024-07-22,GAMMA,178.92,486362,108.1,3.38
2024-07-23,GAMMA,180.03,248457,107.89,3.4
2024-07-24,GAMMA,180.5,167243,108.35,3.395
2024-07-25,GAMMA,177.87,171019,107.99,3.401
2024-07-26,GAMMA,178.62,451041,108.12,3.429
2024-07-29,GAMMA,177.56,472593,108.41,3.413
2024-07-30,GAMMA,176.0,261873,107.96,3.429
2024-07-31,GAMMA,176.99,472674,107.99,3.43
2024-08-01,GAMMA,179.15,190912,108.21,3.461
2024-08-02,GAMMA,178.48,340005,108.17,3.404
2024-08-05,GAMMA,177.32,158532,107.97,3.435
2024-08-06,GAMMA,177.4,441667,108.85,3.425
2024-08-07,GAMMA,179.19,466393,108.21,3.437
2024-08-08,GAMMA,178.8,392452,108.16,3.389
2024-08-09,GAMMA,180.11,254753,108.34,3.445
2024-08-12,GAMMA,182.24,286344,108.05,3.436
2024-08-13,GAMMA,181.06,411553,108.37,3.437
2024-08-14,GAMMA,182.19,262086,108.5,3.416
2024-08-15,GAMMA,184.04,401488,108.6,3.404
2024-08-16,GAMMA,185.17,243150,109.01,3.425
2024-08-19,GAMMA,184.23,165177,108.65,3.401
2024-08-20,GAMMA,184.58,377934,108.54,3.447
2024-08-21,GAMMA,184.97,111415,108.43,3.448
2024-08-22,GAMMA,186.71,410783,108.41,3.421
2024-08-23,GAMMA,187.75,328485,108.8,3.376
2024-08-26,GAMMA,189.83,424649,108.46,3.43
2024-08-27,GAMMA,190.8,309108,108.83,3.37
2024-08-28,GAMMA,190.27,367438,108.77,3.417
2024-08-29,GAMMA,188.93,240091,108.7,3.424
2024-08-30,GAMMA,189.13,301298,108.72,3.427
2024-09-02,GAMMA,188.49,268482,108.85,3.423
2024-09-03,GAMMA,190.45,279619,108.67,3.463
2024-09-04,GAMMA,190.73,309679,108.77,3.443
2024-09-05,GAMMA,189.82,323962,108.51,3.422
2024-09-06,GAMMA,190.82,289342,108.66,3.445
2024-09-09,GAMMA,190.66,366722,108.83,3.416
2024-09-10,GAMMA,190.41,376993,108.63,3.447
2024-09-11,GAMMA,190.37,492259,108.84,3.453
2024-09-12,GAMMA,190.64,471894,108.83,3.428
2024-09-13,GAMMA,190.97,260276,108.67,3.407
2024-09-16,GAMMA,188.65,258632,109.04,3.426
2024-09-17,GAMMA,189.71,459360,109.2,3.416
2024-09-18,GAMMA,189.14,351260,109.26,3.467
2024-09-19,GAMMA,190.49,498577,108.73,3.458
2024-09-20,GAMMA,191.15,356622,109.05,3.458
2024-09-23,GAMMA,192.8,347564,108.88,3.486
2024-09-24,GAMMA,192.92,178631,108.93,3.429
2024-09-25,GAMMA,193.78,215758,108.84,3.461
2024-09-26,GAMMA,193.97,334408,109.28,3.456
2024-09-27,GAMMA,192.94,391049,108.8,3.443
2024-09-30,GAMMA,192.53,385045,109.3,3.461
2024-10-01,GAMMA,192.3,481575,109.46,3.495
2024-10-02,GAMMA,191.38,200791,109.09,3.427
2024-10-03,GAMMA,194.6,100326,108.9,3.475
2024-10-04,GAMMA,192.44,369906,109.51,3.473
2024-10-07,GAMMA,191.25,293189,109.25,3.425
2024-10-08,GAMMA,191.62,463135,108.92,3.468
2024-10-09,GAMMA,193.09,215243,109.08,3.444
2024-10-10,GAMMA,193.91,272503,109.45,3.486
2024-10-11,GAMMA,194.11,315391,109.11,3.437
2024-10-14,GAMMA,193.83,335893,109.45,3.457
2024-10-15,GAMMA,195.46,345402,109.18,3.483
2024-10-16,GAMMA,192.79,442519,109.33,3.446
2024-10-17,GAMMA,194.78,175372,109.3,3.433
2024-10-18,GAMMA,193.29,439108,109.58,3.498
2024-10-21,GAMMA,190.9,162097,109.27,3.5
2024-10-22,GAMMA,191.22,482435,109.06,3.484
2024-10-23,GAMMA,190.4,158555,109.75,3.471
2024-10-24,GAMMA,189.93,391938,109.64,3.473
2024-10-25,GAMMA,192.4,354918,109.47,3.455
2024-10-28,GAMMA,192.49,168193,109.18,3.475
2024-10-29,GAMMA,192.0,321458,109.92,3.488
2024-10-30,GAMMA,190.19,204314,109.65,3.452
2024-10-31,GAMMA,190.26,347892,109.58,3.489
2024-11-01,GAMMA,189.87,389069,109.24,3.447
2024-11-04,GAMMA,188.27,191108,109.57,3.508
2024-11-05,GAMMA,187.94,157628,109.6,3.486
2024-11-06,GAMMA,188.73,252019,109.69,3.503
2024-11-07,GAMMA,187.75,307808,109.83,3.478
2024-11-08,GAMMA,187.68,455211,109.43,3.501
2024-11-11,GAMMA,188.81,252955,109.46,3.441
2024-11-12,GAMMA,189.1,335127,109.84,3.517
2024-11-13,GAMMA,188.73,362503,109.82,3.438
2024-11-14,GAMMA,189.35,206534,109.9,3.496
2024-11-15,GAMMA,187.56,234478,109.54,3.478
2024-11-18,GAMMA,188.08,200394,109.88,3.487
2024-11-19,GAMMA,188.16,182705,109.8,3.469
2024-11-20,GAMMA,188.57,153478,109.91,3.467
2024-11-21,GAMMA,189.01,399373,109.6,3.505
2024-11-22,GAMMA,190.16,337619,110.06,3.513
2024-11-25,GAMMA,190.42,314710,109.95,3.487
2024-11-26,GAMMA,190.42,451541,109.95,3.516
2024-11-27,GAMMA,189.87,129028,110.02,3.463
2024-11-28,GAMMA,192.39,156636,110.07,3.485
2024-11-29,GAMMA,191.48,431437,109.97,3.529
2024-12-02,GAMMA,191.65,272344,110.54,3.515
2024-12-03,GAMMA,192.67,127378,110.27,3.479
2024-12-04,GAMMA,192.14,258737,110.22,3.521
2024-12-05,GAMMA,193.4,355051,109.76,3.5
2024-12-06,GAMMA,192.11,169559,109.97,3.513
2024-12-09,GAMMA,190.94,405382,110.08,3.492
2024-12-10,GAMMA,192.32,434977,110.1,3.511
2024-12-11,GAMMA,192.68,444404,110.18,3.458
2024-12-12,GAMMA,191.53,146914,110.19,3.488
2024-12-13,GAMMA,193.04,103946,110.02,3.522
2024-12-16,GAMMA,192.78,272847,110.51,3.504
2024-12-17,GAMMA,194.43,286681,110.14,3.502
2024-12-18,GAMMA,195.35,381622,110.23,3.479
2024-12-19,GAMMA,194.35,176682,109.9,3.498
2024-12-20,GAMMA,192.02,211143,110.23,3.528
2024-12-23,GAMMA,193.4,156016,110.4,3.496
2024-12-24,GAMMA,194.95,479143,110.14,3.524
2024-12-25,GAMMA,194.91,197069,110.16,3.522
2024-12-26,GAMMA,194.98,104278,110.54,3.539
2024-12-27,GAMMA,193.79,154722,110.34,3.5
2024-12-30,GAMMA,194.85,432209,110.08,3.512
2024-12-31,GAMMA,195.8,159056,110.38,3.51
